"English","Georgian","Status","CandidateCount"
"Abanotubani","","unmatched","0"
"Abasha Municipality","System.Collections.Hashtable","verified","1"
"Abkhazia Autonomous Republic","","unmatched","0"
"Abroad","","unmatched","0"
"Adigeni Municipality","System.Collections.Hashtable","verified","1"
"Afrika","","unmatched","0"
"Agaraki","აგარაკი","verified","1"
"Aghmashenebeli Settlement","","unmatched","0"
"Agmashenebeli District","აღმაშენებელი","verified","1"
"Airport","","ambiguous","2"
"Airport District","System.Collections.Hashtable","verified","1"
"Airport village","","unmatched","0"
"Akhaldaba","ახალდაბა","verified","1"
"Akhalgori Municipality","ახალგორი","verified","1"
"Akhalkalaki Municipality","System.Collections.Hashtable","verified","1"
"Akhaltsikhe Municipality","System.Collections.Hashtable","verified","1"
"Akhmeta Municipality","System.Collections.Hashtable","verified","1"
"Ambrolauri Municipality","System.Collections.Hashtable","verified","1"
"Asatiani Settlement","","unmatched","0"
"Aspindza Municipality","System.Collections.Hashtable","verified","1"
"Avangardi Settlement","","unmatched","0"
"Avchala","ავჭალა","verified","1"
"Avlabari","ავლაბარი","verified","1"
"Avtokarkhana Settlement","ავტოქარხანა","verified","1"
"Bagebi","ბაგები","verified","1"
"Baghdati Municipality","System.Collections.Hashtable","verified","1"
"Bagrationi District","","unmatched","0"
"Balakhvani","","unmatched","0"
"Batumi","ბათუმი","verified","1"
"Betania","ბეთანია","verified","1"
"Bolnisi Municipality","System.Collections.Hashtable","verified","1"
"Boni-Gorodok District","","unmatched","0"
"Borjomi Municipality","System.Collections.Hashtable","verified","1"
"Bzholebi","ბჟოლები","verified","1"
"Chavchavadze settlement","","unmatched","0"
"Chiatura Municipality","System.Collections.Hashtable","verified","1"
"Chokhatauri Municipality","System.Collections.Hashtable","verified","1"
"Choma","ჭომა","verified","1"
"Chugureti","ჩუღურეთის რაიონი","verified","1"
"Dampalo village","","unmatched","0"
"Dedoplistskaro Municipality","დედოფლისწყარო","verified","1"
"Didgori","დიდგორი","verified","1"
"Didi Digomi","","unmatched","0"
"Didi Lilo","დიდი ლილო","verified","1"
"Didube","","ambiguous","2"
"Digomi","","unmatched","0"
"Digomi 1-9","","unmatched","0"
"Digomi Village","","unmatched","0"
"District of Vazha-Pshavela","","unmatched","0"
"Dmanisi Municipality","System.Collections.Hashtable","verified","1"
"Dusheti Municipality","System.Collections.Hashtable","verified","1"
"Elfia","","unmatched","0"
"Elia","ელია","verified","1"
"Gabashvili Hill","","unmatched","0"
"Gardabni Municipality","","unmatched","0"
"Georgia","საქართველო","verified","1"
"Giorgitsminda","გიორგიწმინდა","verified","1"
"Gldani","გლდანის რაიონი","verified","1"
"Gldani Village","","unmatched","0"
"Gldanula","გლდანულა","verified","1"
"Gora Sakuslia","","unmatched","0"
"Gori","","ambiguous","2"
"Gori Municipality","System.Collections.Hashtable","verified","1"
"Gumathesi","გუმათჰესი","verified","1"
"Gurjaani Municipality","System.Collections.Hashtable","verified","1"
"Isani","","ambiguous","2"
"Ivertubani","ივერთუბანი","verified","1"
"Javakhishvili District","ჯავახიშვილი","verified","1"
"Javis Municipality","","unmatched","0"
"Kakhaberi District","კახაბერი","verified","1"
"Kareli Municipality","System.Collections.Hashtable","verified","1"
"Kaspi Municipality","System.Collections.Hashtable","verified","1"
"Kazbegi Municipality","ყაზბეგის მუნიციპალიტეტი","verified","1"
"Keda Municipality","System.Collections.Hashtable","verified","1"
"Khashuri Municipality","System.Collections.Hashtable","verified","1"
"Khelvachauri Municipality","System.Collections.Hashtable","verified","1"
"Khimshiashvili District","ხიმშიაშვილი","verified","1"
"Khobi Municipality","System.Collections.Hashtable","verified","1"
"Khoni Municipality","System.Collections.Hashtable","verified","1"
"Khulo Municipality","System.Collections.Hashtable","verified","1"
"Kiketi","კიკეთი","verified","1"
"Kobuleti Municipality","System.Collections.Hashtable","verified","1"
"Kojori","კოჯორი","verified","1"
"Koniaki village","","unmatched","0"
"Kopitnari","კოპიტნარი","verified","1"
"Koshigora","ქოშიგორა","verified","1"
"Kronika","ქრონიკა","verified","1"
"Kukia","კუკია","verified","1"
"Kutaisi","ქუთაისი","verified","1"
"Kvareli Municipality","System.Collections.Hashtable","verified","1"
"Kveseti","კვესეთი","verified","1"
"Lagodekhi Municipality","System.Collections.Hashtable","verified","1"
"Lanchkhuti Municipality","System.Collections.Hashtable","verified","1"
"Lentekhi Municipality","System.Collections.Hashtable","verified","1"
"Lilo","ლილო","verified","1"
"Lisi Lake","","unmatched","0"
"Lotkini","ლოტკინი","verified","1"
"Makhinjauri","მახინჯაური","verified","1"
"Marneuli Municipality","System.Collections.Hashtable","verified","1"
"Martvili Municipality","System.Collections.Hashtable","verified","1"
"Mcxeta","","unmatched","0"
"Mefesutubani","","unmatched","0"
"Mesame masivi","მესამე მასივი","verified","1"
"Mestia Municipality","System.Collections.Hashtable","verified","1"
"Mtatsminda","","ambiguous","2"
"Mtskheti Municipality","","unmatched","0"
"Mtsvanekvavila","მწვანეყვავილა","verified","1"
"Nadzaladevi","","ambiguous","2"
"Napetvrebi","ნაფეტვრები","verified","1"
"Nasaguri","ნასაგური","verified","1"
"Navtlugi","","unmatched","0"
"New Rustavi","","unmatched","0"
"Nikea Settlement","ნიკეა","verified","1"
"Ninotsminda","","ambiguous","2"
"Ninotsminda Municipality","System.Collections.Hashtable","verified","1"
"Nutsubidze plateau","","unmatched","0"
"Okrokana","ოქროყანა","verified","1"
"Old Batumi District","ძველი ბათუმი","verified","1"
"Old Rustavi","","unmatched","0"
"Oni Municipality","System.Collections.Hashtable","verified","1"
"Orkhevi","ორხევი","verified","1"
"Ortachala","ორთაჭალა","verified","1"
"Ozurgeti Municipality","System.Collections.Hashtable","verified","1"
"Pivzaod district","","unmatched","0"
"Ponichala","ფონიჭალა","verified","1"
"Poti","ფოთი","verified","1"
"Rionhesi Settlement","რიონჰესი","verified","1"
"Rustaveli District","რუსთაველი","verified","1"
"Rustavi","რუსთავი","verified","1"
"Saburtalo","","ambiguous","2"
"Sachkhere Municipality","System.Collections.Hashtable","verified","1"
"Safichkhia","","unmatched","0"
"Sagarejo Municipality","System.Collections.Hashtable","verified","1"
"Saghoria","","unmatched","0"
"Samgori","","ambiguous","2"
"Samtredia Municipality","System.Collections.Hashtable","verified","1"
"Sanzona","სანზონა","verified","1"
"Senaki Municipality","System.Collections.Hashtable","verified","1"
"Shindisi","შინდისი","verified","1"
"Shuakhevi Municipality","System.Collections.Hashtable","verified","1"
"Sighnaghi Municipality","სიღნაღი","verified","1"
"Sololaki","სოლოლაკი","verified","1"
"Suburbs Of Tbilisi","","unmatched","0"
"Svanetis ubani","","unmatched","0"
"Tabakhmela","ტაბახმელა","verified","1"
"Tamar Settlement","","unmatched","0"
"Tbilisi","თბილისი","verified","1"
"Tbilisi sea","","unmatched","0"
"Tchkondideli Settlement","","unmatched","0"
"Telavi","","ambiguous","2"
"Telavi Municipality","System.Collections.Hashtable","verified","1"
"Telovani","თელოვანი","verified","1"
"Temqa","","unmatched","0"
"Terjola Municipality","System.Collections.Hashtable","verified","1"
"Tetri Tskaro Municipality","","unmatched","0"
"Tianeti Municipality","System.Collections.Hashtable","verified","1"
"Tkhinvala","თხინვალა","verified","1"
"Tkibuli Municipality","ტყიბული","verified","1"
"Tsageri Municipality","System.Collections.Hashtable","verified","1"
"Tsalenjikha Municipality","System.Collections.Hashtable","verified","1"
"Tsalka Municipality","System.Collections.Hashtable","verified","1"
"Tsavkisi","წავკისი","verified","1"
"Tsinubani","წინუბანი","verified","1"
"Tskaltubo Municipality","System.Collections.Hashtable","verified","1"
"Tskneti","წყნეთი","verified","1"
"Turtle Lake","","unmatched","0"
"Ukimerioni","უქიმერიონი","verified","1"
"Vake","","ambiguous","2"
"Vakisubani","ვაკისუბნი","verified","1"
"Vani Municipality","System.Collections.Hashtable","verified","1"
"Varketili","ვარკეთილი","verified","1"
"Vashlijvari","","ambiguous","2"
"Vazisubani","ვაზისუბანი","verified","1"
"Vedzisi","ვეძისი","verified","1"
"Vera","ვერა","verified","1"
"Zahesi","ზაჰესი","verified","1"
"Zastava","ზასტავა","verified","1"
"Zestaponi Municipality","System.Collections.Hashtable","verified","1"
"Zugdidi","","ambiguous","2"
"Zugdidi Municipality","System.Collections.Hashtable","verified","1"
"Zurgovana","ზურგოვანა","verified","1"
