"English","Normalized","Georgian","Status","CandidateCount"
"(Ivertubani)","ivertubani","ივერთუბნის ქუჩა","exact","1"
"13 Asureli Mamis st.","13 asureli mamis","","unmatched","0"
"17 Shindiseli gmiri st.","17 shindiseli gmiri","17 შინდისელი გმირის ქუჩა","exact","1"
"26 Maisi st.","26 maisi","26 მაისის ქუჩა","exact","1"
"26 May Square","26 may","","ambiguous","2"
"4000 Meskhi st.","4000 meskhi","","unmatched","0"
"8 march st.","8 march","8 მარტის ქუჩა","exact","1"
"9 april st.","9 april","","ambiguous","2"
"9 dzma st.","9 dzma","9 ძმის ქუჩა","exact","1"
"A Microdistrict - Gldani","a microdistrict gldani","გლდანის ქუჩა","unique-contained-name","1"
"A. Amaglobeli St.","a amaglobeli","","unmatched","0"
"a. baramidze st.","a baramidze","","unmatched","0"
"A. Chxenkeli st.","a chxenkeli","","unmatched","0"
"A. Dadiani st.","a dadiani","დადიანის ქუჩა","unique-contained-name","1"
"a. gelovani st.","a gelovani","გელოვანის ქუჩა","unique-contained-name","1"
"a. janelidze st.","a janelidze","ჯანელიძის ქუჩა","unique-contained-name","1"
"a. jordania st.","a jordania","ჟორდანიას ქუჩა","unique-contained-name","1"
"a. katalikosi dead end","a katalikosi dead end","","unmatched","0"
"a. kereseliZi st.","a kereselizi","","unmatched","0"
"a. kutateladze st.","a kutateladze","ქუთათელაძის ქუჩა","unique-contained-name","1"
"a. managadze st.","a managadze","","unmatched","0"
"a. shengelaia st.","a shengelaia","","unmatched","0"
"A. Vasadze st.","a vasadze","","unmatched","0"
"A.Andronikashvili st.","a andronikashvili","ანდრონიკაშვილის ქუჩა","unique-contained-name","1"
"A.Bakradze st.","a bakradze","ბაქრაძის ქუჩა","unique-contained-name","1"
"A.kalandaze st.","a kalandaze","","unmatched","0"
"A.Mgeladze st.","a mgeladze","მგელაძის ქუჩა","unique-contained-name","1"
"a.qurdiani st.","a qurdiani","","unmatched","0"
"a.wereTlis avenue","a weretlis","","unmatched","0"
"Abano I dead end","abano i dead end","აბანოს ქუჩა","unique-contained-name","1"
"Abano II Cikhi","abano ii cikhi","აბანოს ქუჩა","unique-contained-name","1"
"Abano st.","abano","აბანოს ქუჩა","exact","1"
"abasha st.","abasha","აბაშის ქუჩა","exact","1"
"Abashidze-Orbeliani st.","abashidze orbeliani","","ambiguous","3"
"Abashvili st.","abashvili","გიორგი აბაშვილის ქუჩა","unique-contained-name","1"
"abastumani st.","abastumani","","ambiguous","3"
"abesadze st.","abesadze","აბესაძის ქუჩა","exact","1"
"abesuridze tbeli st.","abesuridze tbeli","","unmatched","0"
"abo tbileli st.","abo tbileli","","unmatched","0"
"abovian st.","abovian","ხაჩატურ აბოვიანის ქუჩა","unique-contained-name","1"
"Abramishvili st.","abramishvili","","ambiguous","5"
"Abuladze st.","abuladze","","ambiguous","4"
"abuli st.","abuli","აბულის ქუჩა","exact","1"
"Achabeti St.","achabeti","აჩაბეთის ქუჩა","exact","1"
"ackuri st.","ackuri","","unmatched","0"
"adigeni st.","adigeni","ადიგენის ქუჩა","exact","1"
"adjara st.","adjara","აჭარის ქუჩა","exact","1"
"aerodromi village","aerodromi village","","unmatched","0"
"Afkhaidze st.","afkhaidze","","unmatched","0"
"Afkhazeti st.","afkhazeti","","unmatched","0"
"Afrika","afrika","","unmatched","0"
"agara st.","agara","","ambiguous","2"
"Agiashvili st.","agiashvili","ნიკოლოზ აგიაშვილის ქუჩა","unique-contained-name","1"
"aglazde st.","aglazde","","unmatched","0"
"agmashenebeli alley","agmashenebeli alley","","unmatched","0"
"Agmashenebeli Alley (Digomi)","agmashenebeli alley digomi","","unmatched","0"
"agmashenebeli ave","agmashenebeli","","ambiguous","2"
"Airport road","airport","აეროპორტის გზატკეცილი","exact","1"
"airpot settlement","airpot settlement","","unmatched","0"
"Aisi II Lane","aisi ii","აისის ქუჩა","unique-contained-name","1"
"Aisi St.","aisi","აისის ქუჩა","exact","1"
"ajameti st.","ajameti","აჯამეთის ქუჩა","exact","1"
"aketi st.","aketi","","unmatched","0"
"Akhalarsenali St.","akhalarsenali","ახალარსენალის I ქუჩა","unique-contained-name","1"
"akhalcikhe st.","akhalcikhe","","unmatched","0"
"akhaldaba st.","akhaldaba","ახალდაბას ქუჩა","exact","1"
"akhalkalaki st.","akhalkalaki","","ambiguous","2"
"Akhalmocameta st.","akhalmocameta","","unmatched","0"
"akhalsheni st.","akhalsheni","","unmatched","0"
"Akhaltsikheli st.","akhaltsikheli","","ambiguous","3"
"akhalubani st.","akhalubani","ახალუბანის ქუჩა","exact","1"
"Akhmeteli st.","akhmeteli","ახმეტელის ქუჩა","exact","1"
"akhmeti st.","akhmeti","","unmatched","0"
"akhospireli st.","akhospireli","ბეგლარ ახოსპირელის ქუჩა","unique-contained-name","1"
"akhtala st.","akhtala","ახტალის ქუჩა","exact","1"
"Akhundov st.","akhundov","","ambiguous","2"
"akhuti st.","akhuti","ახუთის ქუჩა","exact","1"
"akopian st.","akopian","","unmatched","0"
"akuri st.","akuri","","unmatched","0"
"al. chavchavadze","al chavchavadze","","unmatched","0"
"al.ioseliani st.","al ioseliani","იოსელიანის ქუჩა","unique-contained-name","1"
"aladashvili st.","aladashvili","ალადაშვილის ქუჩა","exact","1"
"Aladasturi st.","aladasturi","ალადასტურის ქუჩა","exact","1"
"Alaverdeli St.","alaverdeli","იოსებ ალავერდელის ქუჩა","unique-contained-name","1"
"Alaverdi st.","alaverdi","ალავერდის ქუჩა","exact","1"
"alazni st.","alazni","","unmatched","0"
"Aleksandre Basilaia's alley","aleksandre basilaia alley","ალექსანდრე ბასილაიას ქუჩა","unique-contained-name","1"
"Aleksandre Ioseliani II Lane","aleksandre ioseliani ii","","unmatched","0"
"aleksi-meskhishvili st.","aleksi meskhishvili","მესხიშვილის ქუჩა","unique-contained-name","1"
"algeti st.","algeti","ალგეთის ქუჩა","exact","1"
"alikhaniani st.","alikhaniani","ისააკ ალიხანიანის ქუჩა","unique-contained-name","1"
"Almond Orchards St.","almond orchards","","unmatched","0"
"alvani st.","alvani","","unmatched","0"
"amagleba st.","amagleba","","unmatched","0"
"amagleba turn","amagleba turn","","unmatched","0"
"ambrolauri st.","ambrolauri","ამბროლაურის ქუჩა","exact","1"
"Amilakhvari St.","amilakhvari","","ambiguous","4"
"anaklia st.","anaklia","ანაკლიას ქუჩა","exact","1"
"ananuri st.","ananuri","","unmatched","0"
"Anapa st.","anapa","","unmatched","0"
"Andronikashvili st.","andronikashvili","ანდრონიკაშვილის ქუჩა","exact","1"
"Anjaparidze II Lane","anjaparidze ii","ანჯაფარიძის ჷუჩა","unique-contained-name","1"
"anjaparizde st.","anjaparizde","","unmatched","0"
"antelava st.","antelava","","ambiguous","2"
"Antimoz Iveriel st.","antimoz iveriel","","unmatched","0"
"Antonovskaia st.","antonovskaia","ანტონოვსკაიას ქუჩა","exact","1"
"Aphaqidze st.","aphaqidze","","unmatched","0"
"Aphkhazeti st.","aphkhazeti","","unmatched","0"
"apkhazeti st.","apkhazeti","აფხაზეთის ქუჩა","exact","1"
"aragveli st.","aragveli","","ambiguous","2"
"aragvi st.","aragvi","არაგვის ქუჩა","exact","1"
"aragvispireli st.","aragvispireli","არაგვისპირელის ქუჩა","exact","1"
"arakishvili st.","arakishvili","არაყიშვილის ქუჩა","exact","1"
"araleti st.","araleti","არალეთის ქუჩა","exact","1"
"ararati st.","ararati","","unmatched","0"
"arbo st.","arbo","არბოს ქუჩა","exact","1"
"arboSiki st.","arbosiki","","unmatched","0"
"Archil Mephe st.","archil mephe","","unmatched","0"
"Archil Sulakauri St.","archil sulakauri","არჩილ სულაკაურის ქუჩა","exact","1"
"Ardaziani st.","ardaziani","ლავრენტი არდაზიანის ქუჩა","unique-contained-name","1"
"ardoni st.","ardoni","","unmatched","0"
"areshidze st.","areshidze","ქრისტეფორე არეშიძის ქუჩა","unique-contained-name","1"
"argveti st.","argveti","არგვეთის ქუჩა","exact","1"
"armazi st.","armazi","არმაზის ქუჩა","exact","1"
"Arsen Ikaltoeli St.","arsen ikaltoeli","არსენ იყალთოელის ქუჩა","exact","1"
"arsena st.","arsena","არსენას ქუჩა","exact","1"
"Artmelidze st.","artmelidze","დავით ართმელიძის ქუჩა","unique-contained-name","1"
"Artur Laisti st.","artur laisti","","unmatched","0"
"artvini st.","artvini","ართვინის ქუჩა","exact","1"
"arveladze st.","arveladze","პეტრე არველაძის ქუჩა","unique-contained-name","1"
"Arzakan Emukhvari st.","arzakan emukhvari","","unmatched","0"
"Asatiani st.","asatiani","ასათიანის ქუჩა","exact","1"
"Asi atasi mocame st.","asi atasi mocame","","unmatched","0"
"askana st.","askana","","unmatched","0"
"askhini st.","askhini","","unmatched","0"
"askurava st.","askurava","","unmatched","0"
"aslanidi st.","aslanidi","პავლე ასლანიდის ქუჩა","unique-contained-name","1"
"Asmati st.","asmati","ასმათის ქუჩა","exact","1"
"Aspindza St.","aspindza","ასპინძის ქუჩა","exact","1"
"asureti st.","asureti","ასურეთის ქუჩა","exact","1"
"Ateni st.","ateni","ატენის ქუჩა","exact","1"
"atoci st.","atoci","","unmatched","0"
"atoneli st.","atoneli","","ambiguous","4"
"Avaliani st.","avaliani","ავალიანის ქუჩა","exact","1"
"Avalishvili st.","avalishvili","","ambiguous","2"
"Avchala st.","avchala","ავჭალას ქუჩა","exact","1"
"avlabri st.","avlabri","","unmatched","0"
"avlevi st.","avlevi","","unmatched","0"
"Avsahni st.","avsahni","","unmatched","0"
"Avshni III Lane","avshni iii","ავშნის ქუჩა","unique-contained-name","1"
"avtandili st.","avtandili","ავთანდილის ქუჩა","exact","1"
"Avto Varazi I lane","avto varazi i","ავთო ვარაზის ქუჩა","unique-contained-name","1"
"Avto Varazi st.","avto varazi","ავთო ვარაზის ქუჩა","exact","1"
"Azmaifarashvili st.","azmaifarashvili","","unmatched","0"
"b. chichinadze st.","b chichinadze","ჭიჭინაძის ქუჩა","unique-contained-name","1"
"b. khmelnicki st","b khmelnicki","","unmatched","0"
"b. Khmelnytskyi II","b khmelnytskyi ii","","unmatched","0"
"B. Paichadze st.","b paichadze","","unmatched","0"
"B. Zghenti St.","b zghenti","","unmatched","0"
"B.Kvernadze st","b kvernadze","","unmatched","0"
"baazov st.","baazov","დავით ბააზოვის ქუჩა","unique-contained-name","1"
"babiskhevi st.","babiskhevi","","unmatched","0"
"bachanas st.","bachanas","","unmatched","0"
"Badagi st.","badagi","ბადაგის ქუჩა","exact","1"
"badiauri st.","badiauri","ბადიაურის ქუჩა","exact","1"
"bagdadi st.","bagdadi","","unmatched","0"
"Bagdavadze st.","bagdavadze","","unmatched","0"
"Baghashvili st.","baghashvili","სპარტაკ ბაღაშვილის ქუჩა","unique-contained-name","1"
"baghnari st.","baghnari","","unmatched","0"
"bagi st.","bagi","","unmatched","0"
"bagineti st.","bagineti","ბაგინეთის ქუჩა","exact","1"
"bagrat III st.","bagrat iii","ბაგრატ III - ის ქუჩა","exact","1"
"Bagrati st.","bagrati","ბაგრატის ქუჩა","exact","1"
"bakhmaro st.","bakhmaro","","ambiguous","2"
"bakhtrioni st.","bakhtrioni","ბახტრიონის ქუჩა","exact","1"
"bakhvi turn","bakhvi turn","","unmatched","0"
"bako st.","bako","ბაქოს ქუჩა","exact","1"
"bakradze st.","bakradze","ბაქრაძის ქუჩა","exact","1"
"bakurcikhe st.","bakurcikhe","","unmatched","0"
"balanchini st.","balanchini","","unmatched","0"
"balanchivadze st.","balanchivadze","","ambiguous","3"
"bambis rigi","bambis rigi","ბამბის რიგი","exact","1"
"Bandzeladze st.","bandzeladze","ალექსანდრე ბანძელაძის ქუჩა","unique-contained-name","1"
"Baqarashvili st.","baqarashvili","","unmatched","0"
"Barakoni st.","barakoni","ბარაკონის ქუჩა","exact","1"
"baraleti st.","baraleti","ბარალეთის ქუჩა","exact","1"
"Baratashvili dead end","baratashvili dead end","ნიკოლოზ ბარათაშვილის ჩიხი","unique-contained-name","1"
"baratashvili rise","baratashvili rise","ნიკოლოზ ბარათაშვილის აღმართი","unique-contained-name","1"
"baratashvili st.","baratashvili","","ambiguous","3"
"barisakho st.","barisakho","","ambiguous","2"
"barnovi st.","barnovi","ბარნოვის ქუჩა","exact","1"
"batumi st.","batumi","","ambiguous","2"
"bazaleti st.","bazaleti","ბაზალეთის ქუჩა","exact","1"
"Bedia St.","bedia","ბედიას ქუჩა","exact","1"
"Begiashvili st.","begiashvili","ზურაბ ბეგიაშვილის ქუჩა","unique-contained-name","1"
"begleti st.","begleti","","unmatched","0"
"beliashvili st.","beliashvili","ბელიაშვილის ქუჩა","exact","1"
"Belinsky st.","belinsky","ბელინსკის ქუჩა","exact","1"
"benashvili st.","benashvili","ანდრია ბენაშვილის ქუჩა","unique-contained-name","1"
"bendeliani m","bendeliani m","ბენდელიანის ქუჩა","unique-contained-name","1"
"Beqa and Bushqen opizrebi st.","beqa and bushqen opizrebi","ოპიზრების ქუჩა","unique-contained-name","1"
"berbuki st.","berbuki","ბერბუკის ქუჩა","exact","1"
"berdzenishvili st.","berdzenishvili","","ambiguous","3"
"berdznis dead end","berdznis dead end","","unmatched","0"
"Beri Gabriel Salosi Ave.","beri gabriel salosi","","ambiguous","3"
"beridze st.","beridze","","ambiguous","4"
"beritashvili st.","beritashvili","ბერიტაშვილის ქუჩა","exact","1"
"Berthubani st.","berthubani","","unmatched","0"
"Berulava st.","berulava","","unmatched","0"
"Berznis st.","berznis","","unmatched","0"
"Beshenova st.","beshenova","","unmatched","0"
"besiki st.","besiki","","ambiguous","2"
"betania st.","betania","","ambiguous","2"
"Betashvili st.","betashvili","ჯუმბერ ბეთაშვილის ქუჩა","unique-contained-name","1"
"betlemi st.","betlemi","ბეთლემის ქუჩა","exact","1"
"bezhanishvili st.","bezhanishvili","ბეჟანიშვილის ქუჩა","exact","1"
"Bichvinta st.","bichvinta","","ambiguous","2"
"Bitsadze St.","bitsadze","ანდრო ბიწაძის ქუჩა","unique-contained-name","1"
"bjoleti st.","bjoleti","","unmatched","0"
"Block I - Digomi massive","block i digomi massive","","unmatched","0"
"Block II - Digomi massive","block ii digomi massive","","unmatched","0"
"Block III - Digomi massive","block iii digomi massive","","unmatched","0"
"Block IV - Digomi massive","block iv digomi massive","","unmatched","0"
"Block V - Digomi massive","block v digomi massive","","unmatched","0"
"Block VI - Digomi massive","block vi digomi massive","","unmatched","0"
"Block VII - Vazha-Pshavela","block vii vazha pshavela","","unmatched","0"
"bneli dead end","bneli dead end","ბნელის ჩიხი","exact","1"
"Bob walsh st.","bob walsh","ბობ უოლშის ქუჩა","exact","1"
"Bochorishvili st.","bochorishvili","","ambiguous","3"
"bochormi st.","bochormi","ბოჭორმის I ჩიხი","unique-contained-name","1"
"bocvadze st","bocvadze","","unmatched","0"
"bodavi I st.","bodavi i","","unmatched","0"
"bodavi II st.","bodavi ii","","unmatched","0"
"bodbe st.","bodbe","ბოდბეს ქუჩა","exact","1"
"Bogdan Khmelnytskyi IV Lane","bogdan khmelnytskyi iv","","unmatched","0"
"bogvi st.","bogvi","ბოგვის ქუჩა","exact","1"
"bokhou st.","bokhou","","unmatched","0"
"Bolkvadze st.","bolkvadze","ბოლქვაძის ქუჩა","exact","1"
"bolnisi st.","bolnisi","ბოლნისის ქუჩა","exact","1"
"bolo rise st.","bolo rise","","unmatched","0"
"borbalo st.","borbalo","ბორბალოს ქუჩა","exact","1"
"Borchaloeli st.","borchaloeli","","ambiguous","2"
"borodin st.","borodin","","unmatched","0"
"botanikuri st.","botanikuri","ბოტანიკურის ქუჩა","exact","1"
"Brodvei st.","brodvei","","unmatched","0"
"brolosani st.","brolosani","","unmatched","0"
"brose st.","brose","","unmatched","0"
"Brotseuli st.","brotseuli","ბროწეულის ქუჩა","exact","1"
"budapeshti I turn","budapeshti i turn","ბუდაპეშტის ქუჩა","unique-contained-name","1"
"budapeshti II turn","budapeshti ii turn","ბუდაპეშტის ქუჩა","unique-contained-name","1"
"budapeshti st.","budapeshti","ბუდაპეშტის ქუჩა","exact","1"
"bugeuli st.","bugeuli","ბუგეულის ქუჩა","exact","1"
"bukhaidze st.","bukhaidze","","ambiguous","2"
"Bukitsikhi st.","bukitsikhi","","unmatched","0"
"bulachauri st.","bulachauri","ბულაჩაური","exact","1"
"Burdzgla st.","burdzgla","მიხეილ ბურძგლას ქუჩა","unique-contained-name","1"
"burkiashvili st.","burkiashvili","ბესიკ ბურკიაშვილის ქუჩა","unique-contained-name","1"
"bzipi st.","bzipi","","ambiguous","2"
"cabadze st.","cabadze","","unmatched","0"
"caishi st.","caishi","","unmatched","0"
"calenjikha st.","calenjikha","","unmatched","0"
"cemi st.","cemi","","unmatched","0"
"cereteli st.","cereteli","აკაკი წერეთლის ქუჩა","unique-contained-name","1"
"cereteli turn","cereteli turn","","unmatched","0"
"cernaki st.","cernaki","","unmatched","0"
"ch. bendeliani st.","ch bendeliani","ბენდელიანის ქუჩა","unique-contained-name","1"
"Chabua Amirejibi hwy","chabua amirejibi","","ambiguous","2"
"chabukiani st.","chabukiani","ვახტანგ ჭაბუკიანის ქუჩა","unique-contained-name","1"
"chachava st.","chachava","","ambiguous","4"
"chailuri st.","chailuri","ჩაილურის შესახვევი","exact","1"
"chaisubani st.","chaisubani","","ambiguous","2"
"Chakhava st.","chakhava","","ambiguous","2"
"chakhrukhadze st.","chakhrukhadze","","ambiguous","2"
"Chaladidi St.","chaladidi","ჭალადიდი — ხორგა — ხობი","unique-contained-name","1"
"chanchibadze st.","chanchibadze","ჩანჩიბაძის ქუჩა","exact","1"
"Chandari st.","chandari","","unmatched","0"
"chargali st.","chargali","ჩარგლის ქუჩა","exact","1"
"Chargali st. (Sanzona)","chargali sanzona","ჩარგლის ქუჩა","unique-contained-name","1"
"charkhi st.","charkhi","ჩარხის ქუჩა","exact","1"
"Chavchavadze st.","chavchavadze","","ambiguous","6"
"chechelashvili st.","chechelashvili","ოთარ ჩეჩელაშვილის ქუჩა","unique-contained-name","1"
"Chekhov st.","chekhov","ჩეხოვის ქუჩა","exact","1"
"Chelidze st.","chelidze","","ambiguous","3"
"chemishevski st.","chemishevski","","unmatched","0"
"Cherry St.","cherry","","unmatched","0"
"chiatura st.","chiatura","ჭიათურას ქუჩა","exact","1"
"chiaureli st.","chiaureli","","ambiguous","2"
"Chichinadze st.","chichinadze","ჭიჭინაძის ქუჩა","exact","1"
"Chikhladze st.","chikhladze","","ambiguous","2"
"chikobava st.","chikobava","","unmatched","0"
"chikovani st.","chikovani","ჩიქოვანის ქუჩა","exact","1"
"Chikvaidze I lane","chikvaidze i","","unmatched","0"
"Chikvaidze st.","chikvaidze","","ambiguous","2"
"Chiladze st.","chiladze","","ambiguous","2"
"Chilaia st.","chilaia","","ambiguous","2"
"chirnakhuli st.","chirnakhuli","ჭირნახულის I ჩიხი","unique-contained-name","1"
"chitaia st.","chitaia","გ. ჩიტაიას ქუჩა","unique-contained-name","1"
"chkalovi st.","chkalovi","","unmatched","0"
"chkhikvadze st.","chkhikvadze","","ambiguous","2"
"chkondideli st.","chkondideli","ჭყონდიდელის ქუჩა","exact","1"
"chochua st.","chochua","ჩოჩუას ქუჩა","exact","1"
"chokhatauri st.","chokhatauri","ჩოხატაურის ქუჩა","exact","1"
"cholokashvili avenue","cholokashvili","","ambiguous","2"
"cholokashvili st.","cholokashvili","","ambiguous","2"
"chonkadze st.","chonkadze","","ambiguous","2"
"choporti st.","choporti","","ambiguous","2"
"chorokhi st.","chorokhi","ჭოროხის ქუჩა","exact","1"
"chovelidze st.","chovelidze","თამარ ჭოველიძის ქუჩა","unique-contained-name","1"
"chrebalo st.","chrebalo","ჭრებალოს ქუჩა","exact","1"
"chrelashvili st.","chrelashvili","","unmatched","0"
"chubinashvili st.","chubinashvili","გიორგი ჩუბინაშვილის ქუჩა","unique-contained-name","1"
"chubinidze st.","chubinidze","","unmatched","0"
"cikhisdziri","cikhisdziri","","unmatched","0"
"cimakuridze st.","cimakuridze","","unmatched","0"
"cinamdzgrishvili st.","cinamdzgrishvili","","unmatched","0"
"cisartkela st.","cisartkela","","unmatched","0"
"ciskri st.","ciskri","","unmatched","0"
"ckhemi st.","ckhemi","","unmatched","0"
"ckhvedadze st.","ckhvedadze","","unmatched","0"
"ckneti st.","ckneti","","unmatched","0"
"ckvitishvili st.","ckvitishvili","","unmatched","0"
"cnorischkali","cnorischkali","","unmatched","0"
"codnis kari st.","codnis kari","","unmatched","0"
"cuckhvaTi st.","cuckhvati","","unmatched","0"
"cuckiridze st.","cuckiridze","","unmatched","0"
"curtaveli st.","curtaveli","","unmatched","0"
"Cxinvali st.","cxinvali","","unmatched","0"
"d. abashidze st.","d abashidze","აბაშიძის ქუჩა","unique-contained-name","1"
"D. Aleksidze st.","d aleksidze","","unmatched","0"
"d. bakradze st.","d bakradze","ბაქრაძის ქუჩა","unique-contained-name","1"
"d. berishvili st.","d berishvili","","unmatched","0"
"d. chichinadze st.","d chichinadze","ჭიჭინაძის ქუჩა","unique-contained-name","1"
"d. gamrekeli st.","d gamrekeli","","unmatched","0"
"d. jgenti st.","d jgenti","","unmatched","0"
"d. kacharava st.","d kacharava","","unmatched","0"
"d. kakabadze st.","d kakabadze","კაკაბაძის ქუჩა","unique-contained-name","1"
"d. kldiashvili st.","d kldiashvili","","unmatched","0"
"D. Tavdadebuli St.","d tavdadebuli","დიმიტრი თავდადებულის ქუჩა","unique-contained-name","1"
"D.Kifiani st.","d kifiani","","unmatched","0"
"d.megreli st.","d megreli","","unmatched","0"
"d.sarajishvili st.","d sarajishvili","სარაჯიშვილის ქუჩა","unique-contained-name","1"
"D.Tsurtsumia st.","d tsurtsumia","წურწუმიას ქუჩა","unique-contained-name","1"
"dabakhana st.","dabakhana","","unmatched","0"
"daisi st.","daisi","დაისის ქუჩა","exact","1"
"Damenia st.","damenia","ზაზა დამენიას ქუჩა","unique-contained-name","1"
"Dampalo Village","dampalo village","","unmatched","0"
"Danelia st.","danelia","","ambiguous","4"
"Danibegashvili st","danibegashvili","რაფიელ დანიბეგაშვილის ქუჩა","unique-contained-name","1"
"daraselia st.","daraselia","","ambiguous","2"
"dariali st.","dariali","","ambiguous","2"
"darkveti st.","darkveti","დარკვეთის ქუჩა","exact","1"
"David Agmashenebeli st.","david agmashenebeli","დავით აღმაშენებელი ქუჩა","exact","1"
"David Garejeli st.","david garejeli","დავით გარეჯელის ქუჩა","exact","1"
"David Sarajishvili st.","david sarajishvili","დავით სარაჯიშვილის ქუჩა","exact","1"
"Davit Jabidze st.","davit jabidze","ჯაბიძის ქუჩა","unique-contained-name","1"
"Davit Kobakhidze Street","davit kobakhidze","კობახიძის ქუჩა","unique-contained-name","1"
"davitashvili st.","davitashvili","დავითაშვილის ქუჩა","exact","1"
"Debi Ishxnelebi st.","debi ishxnelebi","","unmatched","0"
"dedoplistskaros st.","dedoplistskaros","","unmatched","0"
"dekabristebi st.","dekabristebi","","unmatched","0"
"delisi I st.","delisi i","დელისის ქუჩა","unique-contained-name","1"
"delisi II st.","delisi ii","დელისის ქუჩა","unique-contained-name","1"
"delisi st.","delisi","დელისის ქუჩა","exact","1"
"depo st.","depo","დეპოს ქუჩა","exact","1"
"Devdariani St.","devdariani","ლევან დევდარიანის ქუჩა","unique-contained-name","1"
"dgebuadze st.","dgebuadze","","ambiguous","2"
"didgori st.","didgori","დიდგორის ქუჩა","exact","1"
"didi jikhaishi st.","didi jikhaishi","დიდი ჯიხაიშის ქუჩა","exact","1"
"didi kheivani st.","didi kheivani","","unmatched","0"
"didkhevi rise","didkhevi rise","","unmatched","0"
"didube st.","didube","","unmatched","0"
"Dighomistskali St.","dighomistskali","","unmatched","0"
"digombari st.","digombari","","unmatched","0"
"digomi 1","digomi 1","1-ლი კუჩა","unique-contained-name","1"
"digomi 2","digomi 2","","unmatched","0"
"digomi 3","digomi 3","","unmatched","0"
"digomi 4","digomi 4","","unmatched","0"
"digomi 5","digomi 5","","unmatched","0"
"digomi 6","digomi 6","","unmatched","0"
"digomi 7","digomi 7","","unmatched","0"
"digomi 8","digomi 8","","unmatched","0"
"digomi 9","digomi 9","","unmatched","0"
"Digomi village","digomi village","","unmatched","0"
"Dima Batiashvili st.","dima batiashvili","დიმიტრი (დიმა) ბათიაშვილის ქუჩა","unique-contained-name","1"
"dirsichala st.","dirsichala","დირსიჭალას ქუჩა","exact","1"
"Disevi st.","disevi","დისევის ქუჩა","exact","1"
"dmanisi st.","dmanisi","დმანისის ქუჩა","exact","1"
"dobrolubov st.","dobrolubov","","unmatched","0"
"dodashvili st.","dodashvili","ს. დოდაშვილის ქუჩა","exact","1"
"Dodo and Kote Khimshiashvili St.","dodo and kote khimshiashvili","დოდო და კოტე ხიმშიაშვილების ქუჩა","exact","1"
"doesi st.","doesi","","unmatched","0"
"dolabauri I st.","dolabauri i","","unmatched","0"
"dolabauri III st.","dolabauri iii","","unmatched","0"
"Dolidze st.","dolidze","დოლიძის ქუჩა","exact","1"
"Dondua st.","dondua","ხათუნა დონდუას ქუჩა","unique-contained-name","1"
"Dorminika Eristavi st.","dorminika eristavi","ერისთავის ქუჩა","unique-contained-name","1"
"Drandi st.","drandi","დრანდის ქუჩა","exact","1"
"Dumbadze St.","dumbadze","","ambiguous","2"
"dusheti st.","dusheti","დუშეთის ქუჩა","exact","1"
"dviri st.","dviri","დვირის ქუჩა","exact","1"
"dzegami st.","dzegami","","unmatched","0"
"Dzeglevi st.","dzeglevi","ძეგლევის ქუჩა","exact","1"
"dzeveri st.","dzeveri","","unmatched","0"
"dzmebi orbelianebi st.","dzmebi orbelianebi","","unmatched","0"
"Dzmoba II st.","dzmoba ii","","unmatched","0"
"Dzotsi st.","dzotsi","ძოწის ქუჩა","exact","1"
"E. Amashukeli st.","e amashukeli","","unmatched","0"
"e. andronikashvili st.","e andronikashvili","ანდრონიკაშვილის ქუჩა","unique-contained-name","1"
"e. andronikashvili st. (Zahesi)","e andronikashvili zahesi","","unmatched","0"
"E. Botsvadze st.","e botsvadze","","unmatched","0"
"E. Chavchavadze st.","e chavchavadze","","unmatched","0"
"e. gabashvili st.","e gabashvili","გაბაშვილის ქუჩა","unique-contained-name","1"
"E. Kharadze st.","e kharadze","","unmatched","0"
"E. Magalashvili st.","e magalashvili","","unmatched","0"
"E. Porakishvili-Sarajishvili st.","e porakishvili sarajishvili","სარაჯიშვილის ქუჩა","unique-contained-name","1"
"e. takhaishvili st.","e takhaishvili","","unmatched","0"
"e. tatishvili st.","e tatishvili","","unmatched","0"
"E. Zakaraia st.","e zakaraia","ზაქარაიას ქუჩა","unique-contained-name","1"
"E.Akhvlediani st.","e akhvlediani","","unmatched","0"
"E.Cherkezishvili st.","e cherkezishvili","","unmatched","0"
"edisi st.","edisi","ედისის ქუჩა","exact","1"
"efrem mcire st.","efrem mcire","","unmatched","0"
"Egnate and Vakhtang Fifia st.","egnate and vakhtang fifia","","unmatched","0"
"Egrisi st.","egrisi","ეგრისის ქუჩა","exact","1"
"ekaladze st.","ekaladze","","unmatched","0"
"ekimi st.","ekimi","ექიმის გასასვლელი","unique-contained-name","1"
"Ekvtime Kheladze st.","ekvtime kheladze","ექვთიმე ხელაძის ქუჩა","exact","1"
"eldari st.","eldari","ელდარის ქუჩა","exact","1"
"Eliso Chipashvili st.","eliso chipashvili","ელისო ჭიპაშვილის ქუჩა","exact","1"
"Elo Andronikashvili st.","elo andronikashvili","ელო ანდრონიკაშვილის ქუჩა","exact","1"
"Elver Kupatadze I Exit","elver kupatadze i exit","ელვერ კუპატაძის ქუჩა","unique-contained-name","1"
"Emir Burjanadze st.","emir burjanadze","ემირ ბურჯანაძის ქუჩა","exact","1"
"Energetic st.","energetic","","unmatched","0"
"engurhetsi st.","engurhetsi","","unmatched","0"
"eniseli st.","eniseli","ენისელის ქუჩა","exact","1"
"Enukidze st.","enukidze","","ambiguous","3"
"Eqimebi st.","eqimebi","","unmatched","0"
"Eredvi st.","eredvi","ერედვის ქუჩა","exact","1"
"Erekle II Lane","erekle ii","","ambiguous","3"
"erekle II st.","erekle ii","","ambiguous","3"
"Erekle Lane","erekle","ერეკლეს ქუჩა","exact","1"
"Erekle St.","erekle","ერეკლეს ქუჩა","exact","1"
"Erevani st.","erevani","","ambiguous","2"
"eristav-khoshtaria st.","eristav khoshtaria","ერისთავ-ხოშტარიას ქუჩა","exact","1"
"ertso","ertso","ერწოს ქუჩა","exact","1"
"esenin st.","esenin","სერგეი ესენინის ქუჩა","unique-contained-name","1"
"Esma Oniani st.","esma oniani","ესმა ონიანის ქუჩა","exact","1"
"evdoshvili st.","evdoshvili","ევდოშვილის ქუჩა","exact","1"
"Evgeni Apkhazava st.","evgeni apkhazava","ევგენი აფხაზავას ქუჩა","exact","1"
"Evstati Mtskheteli st.","evstati mtskheteli","ევსტათი მცხეთელის ქუჩა","exact","1"
"Factory Lane","factory","","unmatched","0"
"Fanjikidze st.","fanjikidze","","unmatched","0"
"Farajanov st.","farajanov","","unmatched","0"
"Farnavaz mefe st","farnavaz mefe","","unmatched","0"
"Farsadani st.","farsadani","","unmatched","0"
"Fatmani st.","fatmani","","unmatched","0"
"Fighters for the Unity of Georgia st.","fighters for the unity of georgia","","unmatched","0"
"Firdousi st.","firdousi","","unmatched","0"
"Firtzkheliani st.","firtzkheliani","","unmatched","0"
"Frederik monperi st.","frederik monperi","","unmatched","0"
"freedom square","freedom","თავისუფლების მოედანი","exact","1"
"Freedom st.","freedom","თავისუფლების მოედანი","exact","1"
"g. akhvlediani st.","g akhvlediani","","unmatched","0"
"G. Asatiani St.","g asatiani","ასათიანის ქუჩა","unique-contained-name","1"
"G. Barnabishvili","g barnabishvili","","unmatched","0"
"g. beriashvili st.","g beriashvili","","unmatched","0"
"g. cereteli st.","g cereteli","","unmatched","0"
"g. dolidze st.","g dolidze","დოლიძის ქუჩა","unique-contained-name","1"
"g. eristavi st.","g eristavi","ერისთავის ქუჩა","unique-contained-name","1"
"g. gabashvili st.","g gabashvili","გაბაშვილის ქუჩა","unique-contained-name","1"
"G. Guramishvili st.","g guramishvili","","unmatched","0"
"g. imedashvili st.","g imedashvili","იმედაშვილის ქუჩა","unique-contained-name","1"
"g. peradze st.","g peradze","","unmatched","0"
"g. saakadze st.","g saakadze","გ. სააკაძის ქუჩა","exact","1"
"g. tabidze st.","g tabidze","","unmatched","0"
"G. Volski St","g volski","","unmatched","0"
"g. zaziashvili st.","g zaziashvili","","unmatched","0"
"G.Chokheli st.","g chokheli","","unmatched","0"
"G.Makashvili st.","g makashvili","მაკაშვილის ქუჩა","unique-contained-name","1"
"G.Nikoladze st.","g nikoladze","ნიკოლაძის ქუჩა","unique-contained-name","1"
"G.Tabidze st.","g tabidze","","unmatched","0"
"gabashvili st.","gabashvili","გაბაშვილის ქუჩა","exact","1"
"Gabeskiria st","gabeskiria","გურამ გაბესკირიას ქუჩა","unique-contained-name","1"
"Gabiskiria st.","gabiskiria","გურამ გაბისკირიას ქუჩა","unique-contained-name","1"
"gabriel ep. st.","gabriel ep","","unmatched","0"
"Gabunia st.","gabunia","გაბუნიას ქუჩა","exact","1"
"gagarin st.","gagarin","გაგარინის ქუჩა","exact","1"
"gagra st.","gagra","","ambiguous","2"
"Gakhokidze st.","gakhokidze","","ambiguous","2"
"galavani st.","galavani","გალავანის ქუჩა","exact","1"
"gali st.","gali","გალის ქუჩა","exact","1"
"gambashidze st.","gambashidze","ღამბაშიძის ქუჩა","exact","1"
"gamcemlidze st.","gamcemlidze","","unmatched","0"
"Gamkrelidze st.","gamkrelidze","","unmatched","0"
"gantiadi st.","gantiadi","განთიადის ქუჩა","exact","1"
"gaprindauli st.","gaprindauli","ზეზვა გაფრინდაულის ქუჩა","unique-contained-name","1"
"gardabani road","gardabani","გარდაბანის გზატკეცილი","exact","1"
"gare kakheti st.","gare kakheti","","unmatched","0"
"Gareji st.","gareji","გარეჯის ქუჩა","exact","1"
"garikuli st.","garikuli","მარიამ გარიყულის ქუჩა","unique-contained-name","1"
"Gayane Khachaturiani St.","gayane khachaturiani","","unmatched","0"
"gazapkhuli st.","gazapkhuli","გაზაფხულის ქუჩა","exact","1"
"gedevanishvili st.","gedevanishvili","","ambiguous","2"
"Gegechkori st.","gegechkori","გიორგი გეგეჭკორის ქუჩა","unique-contained-name","1"
"geguti st.","geguti","გეგუთის ქუჩა","exact","1"
"Gela Chedia st.","gela chedia","გელა ჭედიას ქუჩა","exact","1"
"Gela Gogishvili st","gela gogishvili","გელა გოგიშვილის ქუჩა","exact","1"
"gelati st.","gelati","გელათის ქუჩა","exact","1"
"gelovani avenue","gelovani","გელოვანის ქუჩა","exact","1"
"general kvinitadze st.","general kvinitadze","გენერალ კვინიტაძის ქუჩა","exact","1"
"Geno Adamia st.","geno adamia","გენო ადამიას ქუჩა","exact","1"
"Georgian-American friendship avenue","georgian american friendship","","unmatched","0"
"gergeti st.","gergeti","","ambiguous","4"
"Getia st.","getia","ბესიკ გეთიას ქუჩა","unique-contained-name","1"
"gezati st.","gezati","გეზათის ქუჩა","exact","1"
"Ghoghoberidze st.","ghoghoberidze","","ambiguous","3"
"Gia Badridze Street","gia badridze","გია ბადრიძის ქუჩა","exact","1"
"Gigo Khechuashvili st.","gigo khechuashvili","გიგო ხეჩუაშვილის ქუჩა","exact","1"
"giorgadze st.","giorgadze","გიორგაძის ქუჩა","exact","1"
"Giorgi Babilodze St.","giorgi babilodze","გიორგი ბაბილოძის ქუჩა","exact","1"
"Giorgi Boterashvili Street","giorgi boterashvili","გიორგი ბოთერაშვილის ქუჩა","exact","1"
"giorgi brtskinvale st.","giorgi brtskinvale","გიორგი ბრწყინვალეს ქუჩა","exact","1"
"Giorgi Danelia st.","giorgi danelia","გიორგი დანელიას ქუჩა","exact","1"
"Giorgi Nakulbakevi st.","giorgi nakulbakevi","ნაქულბაქევის ქუჩა","unique-contained-name","1"
"Giorgi Saakadze II Ln","giorgi saakadze ii","","unmatched","0"
"Givi Kvichidze st.","givi kvichidze","გივი კვიჭიძის ქუჩა","exact","1"
"givishvili st.","givishvili","დავით გივიშვილის ქუჩა","unique-contained-name","1"
"Gldani village","gldani village","გლდანის ქუჩა","unique-contained-name","1"
"gldanis gorge st.","gldanis gorge","","unmatched","0"
"gldanula das.","gldanula das","გლდანულას ქუჩა","unique-contained-name","1"
"glinka st.","glinka","მიხეილ გლინკას ქუჩა","unique-contained-name","1"
"glonti st.","glonti","","unmatched","0"
"gmiri kursantebi st.","gmiri kursantebi","გმირი კურსანტების ქუჩა","exact","1"
"gociridze st.","gociridze","","unmatched","0"
"godziashvili I turn","godziashvili i turn","","unmatched","0"
"godziashvili II turn","godziashvili ii turn","","unmatched","0"
"godziashvili III turn","godziashvili iii turn","","unmatched","0"
"godziashvili st.","godziashvili","","ambiguous","2"
"gogasheni st.","gogasheni","გოგაშენის ქუჩა","exact","1"
"gogchi st.","gogchi","","unmatched","0"
"gogebashvili st.","gogebashvili","","ambiguous","3"
"gogiberidze st.","gogiberidze","მოსე გოგიბერიძის ქუჩა","unique-contained-name","1"
"goglidze st.","goglidze","","unmatched","0"
"Gogoberidze st.","gogoberidze","","unmatched","0"
"gogolauri st.","gogolauri","","unmatched","0"
"Gogoli st.","gogoli","გოგოლის ქუჩა","exact","1"
"Gogotur Agladze St.","gogotur agladze","გოგოთურ აგლაძის ქუჩა","exact","1"
"gokieli st.","gokieli","","ambiguous","2"
"gomareti st.","gomareti","გომარეთის ქუჩა","exact","1"
"gombori st.","gombori","გომბორის ქუჩა","exact","1"
"gomi st.","gomi","გომის ქუჩა","exact","1"
"gonashvili st.","gonashvili","ჰამლეტ გონაშვილის ქუჩა","unique-contained-name","1"
"gorda st.","gorda","","unmatched","0"
"gorgasali I turn","gorgasali i turn","ვახტანგ გორგასლის I შესახვევი","unique-contained-name","1"
"Gorgasali II turn","gorgasali ii turn","ვახტანგ გორგასლის II შესახვევი","unique-contained-name","1"
"gorgasali st.","gorgasali","","ambiguous","3"
"gori st.","gori","","ambiguous","3"
"gorki st.","gorki","გორკის ქუჩა","exact","1"
"Gotua st.","gotua","","unmatched","0"
"gr. abashidze (ateni) st.","gr abashidze ateni","ატენის ქუჩა","unique-contained-name","1"
"gr. khandzteli st.","gr khandzteli","ხანძთელის ქუჩა","unique-contained-name","1"
"gr. lordkipanidze st.","gr lordkipanidze","","unmatched","0"
"gr. mukhadze st.","gr mukhadze","მუხაძის ქუჩა","unique-contained-name","1"
"Gr. Robakidze Ave","gr robakidze","გრ.რობაქიძის ქუჩა","exact","1"
"gremi turn","gremi turn","","unmatched","0"
"griboedov st.","griboedov","ალექსანდრე გრიბოედოვის ქუჩა","unique-contained-name","1"
"Grigol Chkhikvadze st.","grigol chkhikvadze","გრიგოლ ჩხიკვაძის ქუჩა","exact","1"
"Grigorashvili st.","grigorashvili","მიხეილ გრიგორაშვილის ქუჩა","unique-contained-name","1"
"grishashvili st.","grishashvili","გრიშაშვილის ქუჩა","exact","1"
"grmagele st.","grmagele","","unmatched","0"
"grozno st.","grozno","","ambiguous","2"
"gruzinski st.","gruzinski","პეტრე გრუზინსკის ქუჩა","unique-contained-name","1"
"gudamakari st.","gudamakari","","unmatched","0"
"gudarekhi st.","gudarekhi","გუდარეხის ქუჩა","exact","1"
"gudauri st.","gudauri","გუდაურის ქუჩა","exact","1"
"gudauta st.","gudauta","გუდაუთას ქუჩა","exact","1"
"gudiashvili square","gudiashvili","","unmatched","0"
"gudiashvili st.","gudiashvili","","unmatched","0"
"gudushauri st.","gudushauri","","unmatched","0"
"Gugushvili st.","gugushvili","","ambiguous","2"
"gujareTi st.","gujareti","","unmatched","0"
"Gulbani st.","gulbani","გრიგოლ გულბანის ქუჩა","unique-contained-name","1"
"gulia square","gulia","გულიას ქუჩა","exact","1"
"gulia st.","gulia","გულიას ქუჩა","exact","1"
"gulisashvili st.","gulisashvili","","ambiguous","2"
"Gulriphshi st.","gulriphshi","","unmatched","0"
"gulua st.","gulua","გია გულუას ქუჩა","unique-contained-name","1"
"gumathesi st.","gumathesi","გუმათჰესის ქუჩა","exact","1"
"Gumati st.","gumati","","ambiguous","2"
"gumbri st.","gumbri","გუმბრის ქუჩა","exact","1"
"gunia st.","gunia","გუნიას ქუჩა","exact","1"
"Guram Qutateladze st.","guram qutateladze","","unmatched","0"
"Guramishvili ave (Nadzaladevi)","guramishvili nadzaladevi","","unmatched","0"
"guramishvili ave (Sanzona)","guramishvili sanzona","","unmatched","0"
"gurgenidze st.","gurgenidze","გურგენიძის ქუჩა","exact","1"
"Guria st.","guria","","ambiguous","2"
"gurieli st.","gurieli","გურიელის ქუჩა","exact","1"
"gurjaani st.","gurjaani","","ambiguous","2"
"gutani st.","gutani","გუთნის ქუჩა","exact","1"
"gvazauri st.","gvazauri","გვაზაურის ქუჩა","exact","1"
"Gvazava st.","gvazava","გვაზავას ქუჩა","exact","1"
"gvetadze st.","gvetadze","რაჟდენ გვეტაძის ქუჩა","unique-contained-name","1"
"Gvirilebi st.","gvirilebi","გვირილების ქუჩა","exact","1"
"Gziskari st.","gziskari","გზისკარის ქუჩა","exact","1"
"h. alievi riverside","h alievi riverside","","unmatched","0"
"H.Abashidze st.","h abashidze","აბაშიძის ქუჩა","unique-contained-name","1"
"Hainrikh Klaproti st.","hainrikh klaproti","","unmatched","0"
"Henrik Prinevski st.","henrik prinevski","","unmatched","0"
"Hereti st.","hereti","ჰერეთის ქუჩა","exact","1"
"Heroes Square","heroes","გმირთა მოედანი","exact","1"
"Holburiki st.","holburiki","","unmatched","0"
"Holy Martyr Vasilisko st.","holy martyr vasilisko","","unmatched","0"
"hospital st.","hospital","","unmatched","0"
"Hugo Huperti st.","hugo huperti","","unmatched","0"
"I kheivani st.","i kheivani","","unmatched","0"
"I Microdistrict - Gldani","i microdistrict gldani","გლდანის ქუჩა","unique-contained-name","1"
"I Microdistrict - Varketili","i microdistrict varketili","","unmatched","0"
"I Microdistrict - Vazisubani","i microdistrict vazisubani","","unmatched","0"
"i. abashidze st.","i abashidze","აბაშიძის ქუჩა","unique-contained-name","1"
"i. chavchavadze avenue","i chavchavadze","ი. ჭავჭავაძის გამზირი","exact","1"
"I. Farjiani st.","i farjiani","","unmatched","0"
"i. Grishashvili st.","i grishashvili","გრიშაშვილის ქუჩა","unique-contained-name","1"
"i. Gurgulia st.","i gurgulia","","unmatched","0"
"i. janelidze st.","i janelidze","ჯანელიძის ქუჩა","unique-contained-name","1"
"i. javakhishvili st.","i javakhishvili","ი. ჯავახიშვილის ქუჩა","exact","1"
"I. Kechakmadze st","i kechakmadze","","unmatched","0"
"i. kereselidze st.","i kereselidze","","unmatched","0"
"I. Machabli st.","i machabli","","unmatched","0"
"i. nikoladze st.","i nikoladze","ნიკოლაძის ქუჩა","unique-contained-name","1"
"i. Sabanisdze st.","i sabanisdze","","unmatched","0"
"I. shakarishvili st.","i shakarishvili","","unmatched","0"
"i. vekua st.","i vekua","ვეკუას ქეჩა","unique-contained-name","1"
"I.Gamrekeli st.","i gamrekeli","","unmatched","0"
"i.kacharava st.","i kacharava","","unmatched","0"
"ialbuzi st.","ialbuzi","იალბუზის ქუჩა","exact","1"
"iamanidze st.","iamanidze","შოთა იამანიძის ქუჩა","unique-contained-name","1"
"Ian Homeri st.","ian homeri","","unmatched","0"
"Iasamani st.","iasamani","იასამნის ქუჩა","exact","1"
"Iasamnebi st.","iasamnebi","ლისის იასამნების ქუჩა","unique-contained-name","1"
"iashvili st.","iashvili","იაშვილის ქუჩა","exact","1"
"Idumala st.","idumala","იდუმალას ქუჩა","exact","1"
"ierusalimi st.","ierusalimi","იერუსალიმის ქუჩა","exact","1"
"ietim gurji st.","ietim gurji","იეთიმ გურჯის ქუჩა","exact","1"
"Igoeti st.","igoeti","იგოეთის გზაგამტარი","unique-contained-name","1"
"II kheivani","ii kheivani","","unmatched","0"
"II kheivani st.","ii kheivani","","unmatched","0"
"II Microdistrict - Gldani","ii microdistrict gldani","გლდანის ქუჩა","unique-contained-name","1"
"II Microdistrict - Vazisubani","ii microdistrict vazisubani","","unmatched","0"
"III a Microdistrict - Gldani","iii a microdistrict gldani","გლდანის ქუჩა","unique-contained-name","1"
"III Microdistrict - Gldani","iii microdistrict gldani","გლდანის ქუჩა","unique-contained-name","1"
"III Microdistrict - Vazisubani","iii microdistrict vazisubani","","unmatched","0"
"ikalto mount","ikalto mount","იყალთოს ქუჩა","unique-contained-name","1"
"Ikalto st.","ikalto","იყალთოს ქუჩა","exact","1"
"Ilia Babutsidze st.","ilia babutsidze","ილიას ქუჩა","unique-contained-name","1"
"Ilia Chavchavadze I lane","ilia chavchavadze i","ილია ჭავჭავაძის I შესახვევი","exact","1"
"Ilia Odishelidze st.","ilia odishelidze","ილია ოდიშელიძის ქუჩა","exact","1"
"Ilia Sheklashvili St.","ilia sheklashvili","ილიას ქუჩა","unique-contained-name","1"
"Ilori st.","ilori","ილორის ქუჩა","exact","1"
"iluridze st.","iluridze","კონსტანტინე ილურიძის ქუჩა","unique-contained-name","1"
"Imedadze st.","imedadze","ვალერიან იმედაძის ქუჩა","unique-contained-name","1"
"Imedashvili st.","imedashvili","იმედაშვილის ქუჩა","exact","1"
"imereti st.","imereti","","ambiguous","3"
"inanishvili st.","inanishvili","რეზო ინანიშვილის ქუჩა","unique-contained-name","1"
"ingorokhva st.","ingorokhva","","unmatched","0"
"Ingusheti st.","ingusheti","ინგუშეთის ქუჩა","exact","1"
"Intensification st.","intensification","","unmatched","0"
"Internati st.","internati","","ambiguous","2"
"ioane petritsi st.","ioane petritsi","იოანე პეტრიწის ქუჩა","exact","1"
"iona vakeli st.","iona vakeli","იონა ვაკელის ქუჩა","exact","1"
"iori st.","iori","იორის ქუჩა","exact","1"
"Ioseb Kechakmadze St.","ioseb kechakmadze","","unmatched","0"
"iosebidze st.","iosebidze","იოსებიძის ქუჩა","exact","1"
"Ioseliani I turn","ioseliani i turn","იოსელიანის ქუჩა","unique-contained-name","1"
"Ioseliani st.","ioseliani","იოსელიანის ქუჩა","exact","1"
"Iovel Jebashvili St.","iovel jebashvili","იოველ ჯებაშვილის ქუჩა","exact","1"
"ipani st.","ipani","","ambiguous","2"
"ipolitov ivanov st.","ipolitov ivanov","მიხეილ იპოლიტოვ-ივანოვის ქუჩა","unique-contained-name","1"
"irbakhi st.","irbakhi","ნიკიფორე ირბახის ქუჩა","unique-contained-name","1"
"irgvlivi st.","irgvlivi","ირგვლივის შესახვევი","exact","1"
"Irina Shtenberg st.","irina shtenberg","ირინა შტენბერგის ქუჩა","exact","1"
"Isakadze st.","isakadze","გაბრიელ ისაკაძის ქუჩა","unique-contained-name","1"
"isani st.","isani","ისნის ქუჩა","exact","1"
"Isidore Dolidze st.","isidore dolidze","ისიდორე დოლიძის ქუჩა","exact","1"
"Isis Lane I","isis i","","unmatched","0"
"isnis dead end","isnis dead end","","unmatched","0"
"Iumashevi st.","iumashevi","","unmatched","0"
"Iunkerta st.","iunkerta","","ambiguous","2"
"IV Microdistrict - Gldani","iv microdistrict gldani","გლდანის ქუჩა","unique-contained-name","1"
"IV Microdistrict - Vazisubani","iv microdistrict vazisubani","","unmatched","0"
"IV Microdistrict, II rigi","iv microdistrict ii rigi","","unmatched","0"
"iveria st.","iveria","ივერიას ქუჩა","exact","1"
"ivertubani st.","ivertubani","ივერთუბნის ქუჩა","exact","1"
"izashvili st.","izashvili","ნიკოლოზ იზაშვილის ქუჩა","unique-contained-name","1"
"j. bagrationi st.","j bagrationi","","unmatched","0"
"j. nadiradze","j nadiradze","ნადირაძის ქუჩა","unique-contained-name","1"
"Jakob Rainegsi st.","jakob rainegsi","","unmatched","0"
"jambuli st.","jambuli","","unmatched","0"
"Jan Pribyl St.","jan pribyl","","unmatched","0"
"janashia st.","janashia","ჯანაშიას ქუჩა","exact","1"
"Janashvili St.","janashvili","მოსე ჯანაშვილის ქუჩა","unique-contained-name","1"
"Janjgava st.","janjgava","გენერალ-ლეიტარნატი ვარლამ ჯანჯღავას ქუჩა","unique-contained-name","1"
"Jansug Kordzaia St.","jansug kordzaia","","unmatched","0"
"java st.","java","ჯავის ქუჩა","exact","1"
"Javakheti alley","javakheti alley","ჯავახეთის ქუჩა","unique-contained-name","1"
"Javakheti I lane","javakheti i","ჯავახეთის ქუჩა","unique-contained-name","1"
"Javakheti III Ave.","javakheti iii","ჯავახეთის ქუჩა","unique-contained-name","1"
"javakheti st.","javakheti","ჯავახეთის ქუჩა","exact","1"
"jibladze st.","jibladze","გიორგი ჯიბლაძის ქუჩა","unique-contained-name","1"
"jinvali st.","jinvali","","unmatched","0"
"Jiqia st.","jiqia","","unmatched","0"
"John-Malkhaz Shalikashvili st.","john malkhaz shalikashvili","შალიკაშვილის ქუჩა","unique-contained-name","1"
"joneti st.","joneti","","unmatched","0"
"Jordania st.","jordania","ჟორდანიას ქუჩა","exact","1"
"joresi st.","joresi","","unmatched","0"
"jorj bushi st.","jorj bushi","","unmatched","0"
"jorjadze st.","jorjadze","ჯორჯაძის ქუჩა","exact","1"
"Jorjoliani st.","jorjoliani","","unmatched","0"
"Joseph Tournefort St.","joseph tournefort","","unmatched","0"
"Jugel st.","jugel","","unmatched","0"
"Jumber Lezhava Lane","jumber lezhava","ჯუმბერ ლეჟავას ქუჩა","exact","1"
"Jvarisubani St.","jvarisubani","ჯვარისუბნის ქუჩა","exact","1"
"jvelauri st.","jvelauri","","unmatched","0"
"k. abashidze st.","k abashidze","აბაშიძის ქუჩა","unique-contained-name","1"
"k. cincadze st.","k cincadze","","unmatched","0"
"K. Eristavi st.","k eristavi","ერისთავის ქუჩა","unique-contained-name","1"
"k. kldiashvili st.","k kldiashvili","","unmatched","0"
"K. Kutateladze st.","k kutateladze","ქუთათელაძის ქუჩა","unique-contained-name","1"
"K. Sanadze st.","k sanadze","","unmatched","0"
"K. Ukleba St","k ukleba","","unmatched","0"
"Kacharava st.","kacharava","","ambiguous","3"
"kachreti","kachreti","კაჭრეთის ქუჩა","exact","1"
"Kadir Shervashidze St.","kadir shervashidze","","unmatched","0"
"Kafianidze st.","kafianidze","","unmatched","0"
"kairo st.","kairo","","unmatched","0"
"kaishauri st.","kaishauri","კაიშაურის ქუჩა","exact","1"
"Kakabeti st.","kakabeti","კაკაბეთის ქუჩა","exact","1"
"Kakha Torchinava St.","kakha torchinava","","unmatched","0"
"Kakheti Highway (III masivi)","kakheti iii masivi","","unmatched","0"
"Kakheti Highway (Isani)","kakheti isani","ისნის ქუჩა","unique-contained-name","1"
"Kakheti Highway (Lilo)","kakheti lilo","","unmatched","0"
"Kakheti Highway (Samgori)","kakheti samgori","სამგორის ქუჩა","unique-contained-name","1"
"kakhiani st.","kakhiani","კახიანის ქუჩა","exact","1"
"Kakhidze st.","kakhidze","ჯანსუღ კახიძის ქუჩა","unique-contained-name","1"
"Kaklebi st.","kaklebi","კაკლების ქუჩა","exact","1"
"Kakliani st.","kakliani","კაკლიანის ქუჩა","exact","1"
"kalandadze st.","kalandadze","","ambiguous","5"
"kalandarishvili st.","kalandarishvili","კალანდარიშვილის ქუჩა","exact","1"
"Kaloubani st.","kaloubani","კალოუბნის ქუჩა","exact","1"
"kalujni st.","kalujni","","unmatched","0"
"Kaman alley","kaman alley","","unmatched","0"
"Kamani st","kamani","კამანის ქუჩა","exact","1"
"Kancheli st.","kancheli","გია ყანჩელის ქუჩა","unique-contained-name","1"
"kandelaki st.","kandelaki","კანდელაკის ქუჩა","exact","1"
"Kankawa st.","kankawa","","unmatched","0"
"kantaria st.","kantaria","მელიტონ ქანთარიას ქუჩა","unique-contained-name","1"
"kapanadze st.","kapanadze","","ambiguous","4"
"Kapaneli St.","kapaneli","","unmatched","0"
"Kapaneli turn.","kapaneli turn","","unmatched","0"
"karaleti st.","karaleti","","unmatched","0"
"kareli st.","kareli","ქარელის ქუჩა","exact","1"
"kargareteli st.","kargareteli","ია კარგარეთელის ქუჩა","unique-contained-name","1"
"kartli st.","kartli","ქართლის ქუჩა","exact","1"
"Kartozia st","kartozia","","ambiguous","2"
"kartvelishvili st.","kartvelishvili","ქართველიშვილის ქუჩა","exact","1"
"Kaskadi st.","kaskadi","","unmatched","0"
"kaspi st.","kaspi","კასპის ქუჩა","exact","1"
"Kasteli st.","kasteli","კასტელის ქუჩა","exact","1"
"Katalikos Abraham Ii st.,","katalikos abraham ii","","unmatched","0"
"Kato Mikeladze St.","kato mikeladze","კატო მიქელაძის ქუჩა","exact","1"
"kavlashvili st.","kavlashvili","","unmatched","0"
"kavtaradze st.","kavtaradze","ქავთარაძის ქუჩა","exact","1"
"kavtiskhevi st.","kavtiskhevi","კავთისხევის ქუჩა","exact","1"
"Kazbegi avenue","kazbegi","","ambiguous","3"
"kazbegi st.","kazbegi","","ambiguous","3"
"keburia st.","keburia","ბესარიონ ქებურიას ქუჩა","unique-contained-name","1"
"Kecxoveli st.","kecxoveli","","unmatched","0"
"kedia st.","kedia","","unmatched","0"
"keleptrishvili st.","keleptrishvili","","unmatched","0"
"kerchi st.","kerchi","ქერჩის I ჩიხი","unique-contained-name","1"
"ketevan tsamebuli avenue (avlabari)","ketevan tsamebuli avlabari","ქეთევან წამებულის ქუჩა","unique-contained-name","1"
"Khabeishvili st.","khabeishvili","სოლიკო ხაბეიშვილის ქუჩა","unique-contained-name","1"
"khakhanashvili st.","khakhanashvili","ალექსანდრე ხახანაშვილის ქუჩა","unique-contained-name","1"
"Khanzteli st.","khanzteli","","unmatched","0"
"kharagauli dead end","kharagauli dead end","ხარაგაულის ჩიხი","exact","1"
"kharpukhi st.","kharpukhi","","ambiguous","2"
"Khataeti st.","khataeti","ხატაეთის ქუჩა","exact","1"
"Khergiani st.","khergiani","ხერგიანის ქუჩა","exact","1"
"kherkheulidze st.","kherkheulidze","","ambiguous","4"
"khertvisi st.","khertvisi","ხერთვისის ქუჩა","exact","1"
"khetagurov st.","khetagurov","ხეთაგუროვის ქუჩა","exact","1"
"khevdzmari st.","khevdzmari","","unmatched","0"
"khevi st.","khevi","ხევის ქუჩა","exact","1"
"Khevispuri st.","khevispuri","","unmatched","0"
"Khevisubani st.","khevisubani","ხევისუბანის ქუჩა","exact","1"
"khevsureti st.","khevsureti","ხევსურეთის ქუჩა","exact","1"
"Khidi st.","khidi","ხიდის ქუჩა","exact","1"
"khidistavi st.","khidistavi","ხიდისთავის ქუჩა","exact","1"
"khimshiashvili st.","khimshiashvili","ხიმშიაშვილის ქუჩა","exact","1"
"Khivi Turn","khivi turn","ხივის შესახვევი","unique-contained-name","1"
"khizanishvili st.","khizanishvili","","unmatched","0"
"khodasheni st.","khodasheni","","unmatched","0"
"khomeli st.","khomeli","","unmatched","0"
"Khomli st.","khomli","ხომლის ქუჩა","exact","1"
"Khoni St.","khoni","ხონის ქუჩა","exact","1"
"khorava st.","khorava","","unmatched","0"
"khornabuji st.","khornabuji","ხორნაბუჯის ქუჩა","exact","1"
"Khornauli st.","khornauli","","unmatched","0"
"khosarauli st.","khosarauli","","unmatched","0"
"khresili st.","khresili","ხრესილის ქუჩა","exact","1"
"khudadovi st.","khudadovi","ნიკოლოზ ხუდადოვის ქუჩა","unique-contained-name","1"
"khurkhuli st.","khurkhuli","","unmatched","0"
"khvanchkara st.","khvanchkara","","ambiguous","2"
"Khvedeliani st.","khvedeliani","იაკობ ხვედელიანის ქუჩა","unique-contained-name","1"
"Khvedelidze st.","khvedelidze","","ambiguous","2"
"khvichia st.","khvichia","იპოლიტე ხვიჩიას ქუჩა","unique-contained-name","1"
"khvingia st.","khvingia","მიხეილ ხვინგიას ქუჩა","unique-contained-name","1"
"kiacheli st.","kiacheli","ქიაჩელის ქუჩა","exact","1"
"kiketi st.","kiketi","კიკეთის ქუჩა","exact","1"
"kikodze st.","kikodze","ქიქოძის ქუჩა","exact","1"
"Kikvidze Lane","kikvidze","კიკვიძის ქუჩა","exact","1"
"Kikvidze st.","kikvidze","კიკვიძის ქუჩა","exact","1"
"Kindzmarauli Lane","kindzmarauli","","ambiguous","2"
"Kindzmarauli Lane II","kindzmarauli ii","","unmatched","0"
"kindzmarauli st.","kindzmarauli","","ambiguous","2"
"kirimi st.","kirimi","","unmatched","0"
"kishinev st.","kishinev","","unmatched","0"
"kisiskhevi st.","kisiskhevi","კისისხევის ქუჩა","exact","1"
"kldekari st.","kldekari","კლდეკარის ქუჩა","exact","1"
"knolev st.","knolev","","unmatched","0"
"kobakhidze st.","kobakhidze","კობახიძის ქუჩა","exact","1"
"koberidze st.","koberidze","კობერიძის ქუჩა","exact","1"
"kodalo st.","kodalo","კოდალოს ქუჩა","exact","1"
"kodori st.","kodori","კოდორის ქუჩა","exact","1"
"kokhreidze st.","kokhreidze","ლევან კოხრეიძის ქუჩა","unique-contained-name","1"
"kokinaki st.","kokinaki","ვლადიმერ კოკინაკის ქუჩა","unique-contained-name","1"
"kondoli st.","kondoli","","unmatched","0"
"Koniaki Village","koniaki village","","unmatched","0"
"Konskaia st.","konskaia","კონსკაიას ქუჩა","exact","1"
"konstitucia st.","konstitucia","","unmatched","0"
"kopcov st.","kopcov","","unmatched","0"
"koshkovani st.","koshkovani","კოშკოვანის ქუჩა","exact","1"
"Kosmonavtebi coast","kosmonavtebi coast","","unmatched","0"
"kostava st.","kostava","","ambiguous","3"
"Kote Abkhaz st.","kote abkhaz","","unmatched","0"
"Kote Makharadze st.","kote makharadze","კოტე მახარაძის ქუჩა","exact","1"
"kotetishvili st.","kotetishvili","ლადო კოტეტიშვილის ქუჩა","unique-contained-name","1"
"Kristian Stiveni st.","kristian stiveni","","unmatched","0"
"Krtsanis I Ln","krtsanis i","","unmatched","0"
"krtsanisi st.","krtsanisi","კრწანისის ქუჩა","exact","1"
"ksani st.","ksani","ქსანის ქუჩა","exact","1"
"ksovreli st.","ksovreli","სერგო ქსოვრელის ქუჩა","unique-contained-name","1"
"Kubaneishvili st.","kubaneishvili","","unmatched","0"
"kuchishvili st.","kuchishvili","","ambiguous","2"
"Kukuri Gogoiashvili St.","kukuri gogoiashvili","","unmatched","0"
"Kula Gldaneli St.","kula gldaneli","კულა გლდანელის ქუჩა","exact","1"
"kumisi st.","kumisi","","ambiguous","2"
"kumsiashvili st.","kumsiashvili","","unmatched","0"
"kupradze st.","kupradze","ვიქტორ კუპრაძის ქუჩა","unique-contained-name","1"
"kuptin st.","kuptin","ბორის კუფტინის ქუჩა","unique-contained-name","1"
"Kurdiani st.","kurdiani","","ambiguous","4"
"kursebi st.","kursebi","კურსების ქუჩა","exact","1"
"Kushitashvili st.","kushitashvili","","unmatched","0"
"kutaisi st.","kutaisi","","ambiguous","2"
"kutateladze st.","kutateladze","ქუთათელაძის ქუჩა","exact","1"
"Kvachantiradze st.","kvachantiradze","დავით კვაჭანტირაძის ქუჩა","unique-contained-name","1"
"kvali st.","kvali","","unmatched","0"
"kvaliti st.","kvaliti","კვალითის ქუჩა","exact","1"
"kvaloni st.","kvaloni","","unmatched","0"
"kvantaliani st.","kvantaliani","აკაკი კვანტალიანის ქუჩა","unique-contained-name","1"
"Kvaracxelia st.","kvaracxelia","მოსე კვარაცხელიას ქუჩა","unique-contained-name","1"
"Kvatchadze st.","kvatchadze","","unmatched","0"
"Kvirikashvili st.","kvirikashvili","რევაზ კვირიკაშვილის ქუჩა","unique-contained-name","1"
"kvishkheti st.","kvishkheti","ქვიშხეთის ქუჩა","exact","1"
"L. Abashidze st.","l abashidze","აბაშიძის ქუჩა","unique-contained-name","1"
"L. Aleksidze st.","l aleksidze","","unmatched","0"
"l. asatiani st.","l asatiani","ასათიანის ქუჩა","unique-contained-name","1"
"L. Bielefeld St.","l bielefeld","","unmatched","0"
"l. bocvadze st.","l bocvadze","","unmatched","0"
"L.Mikeladze st.","l mikeladze","","unmatched","0"
"L.Qartlelishvili st.","l qartlelishvili","","unmatched","0"
"Lado Kotetishvili St.","lado kotetishvili","ლადო კოტეტიშვილის ქუჩა","exact","1"
"Lagidze st.","lagidze","რევაზ ლაღიძის ქუჩა","unique-contained-name","1"
"lagodekhi st.","lagodekhi","","ambiguous","2"
"Lailashi St.","lailashi","ლაილაშის ქუჩა","exact","1"
"Laituri st.","laituri","ლაითურის ქუჩა","exact","1"
"Lalioni lane","lalioni","","ambiguous","2"
"Lamberti st.","lamberti","","unmatched","0"
"lami st.","lami","ლამის ქუჩა","exact","1"
"lamisyana st.","lamisyana","","unmatched","0"
"Lanchkhuti St.","lanchkhuti","ლანჩხუთის ქუჩა","exact","1"
"landia st.","landia","ნიკოლოზ ლანდიას ქუჩა","unique-contained-name","1"
"larekhi st.","larekhi","ლარეხის ქუჩა","exact","1"
"Larexi st.","larexi","","unmatched","0"
"larsi st.","larsi","ლარსის ქუჩა","exact","1"
"Lasha Lashxia st.","lasha lashxia","","unmatched","0"
"lazo st.","lazo","","unmatched","0"
"lebarde st.","lebarde","ლებარდეს ქუჩა","exact","1"
"lechkhumi st.","lechkhumi","ლეჩხუმის ქუჩა","exact","1"
"Lekh Kachinski st.","lekh kachinski","","unmatched","0"
"lekishvili st.","lekishvili","","unmatched","0"
"Lentekhi st.","lentekhi","ლენტეხის ქუჩა","exact","1"
"Leonidze st.","leonidze","","ambiguous","2"
"lermontov st.","lermontov","","ambiguous","2"
"lertsami st.","lertsami","ლერწამის ქუჩა","exact","1"
"Leselidze st.","leselidze","","ambiguous","2"
"lesia ukrainka st.","lesia ukrainka","ლესია უკრაინკას ქუჩა","exact","1"
"Levan Asatiani st.","levan asatiani","ლევან ასათიანის ქუჩა","exact","1"
"Levan Razikashvili st.","levan razikashvili","ლევან რაზიკაშვილის ქუჩა","exact","1"
"Levan Rcheulishvili st.","levan rcheulishvili","ლევან რჩეულიშვილის ქუჩა","exact","1"
"Levandovski st.","levandovski","","unmatched","0"
"lezhava st.","lezhava","","ambiguous","3"
"liakhvi st.","liakhvi","ლიახვის ქუჩა","exact","1"
"libani st","libani","","ambiguous","3"
"likani st.","likani","ლიკანის ქუჩა","exact","1"
"likhauri dead end","likhauri dead end","","unmatched","0"
"likhauri st.","likhauri","","unmatched","0"
"likhauri turn","likhauri turn","","unmatched","0"
"Liptovi st.","liptovi","","unmatched","0"
"lisashvili st.","lisashvili","","unmatched","0"
"Lisi lake","lisi lake","ლისის ქუჩა","unique-contained-name","1"
"Lisi st.","lisi","ლისის ქუჩა","exact","1"
"Liza Nakashidze-Bolkvadze st.","liza nakashidze bolkvadze","ლიზა ნაკაშიძე-ბოლქვაძის ქუჩა","exact","1"
"Lobjanidze st.","lobjanidze","","unmatched","0"
"lochini st.","lochini","ლოჭინის ქუჩა","exact","1"
"Loladze st.","loladze","","ambiguous","2"
"Lomonosovi st.","lomonosovi","ლომონოსოვის ქუჩა","exact","1"
"Lomouri st.","lomouri","ლომოურის ქუჩა","exact","1"
"lomtatidze st.","lomtatidze","ლომთათიძის ქუჩა","exact","1"
"lordkipanidze st.","lordkipanidze","","unmatched","0"
"Lortkipanidze st.","lortkipanidze","","ambiguous","7"
"Lotkini","lotkini","","ambiguous","2"
"lotkini gorge","lotkini gorge","ლოტკინის ხევი","exact","1"
"lotkini m","lotkini m","","unmatched","0"
"lubliana st.","lubliana","","ambiguous","3"
"lubovski st.","lubovski","ვლადიმერ ლუბოვსკის ქუჩა","unique-contained-name","1"
"Luka Razikashvili St.","luka razikashvili","ლუკა რაზიკაშვილის ქუჩა","exact","1"
"lusiniani st.","lusiniani","არტემ ლუსინიანის ქუჩა","unique-contained-name","1"
"Lvovi st.","lvovi","","unmatched","0"
"m. abashidze st.","m abashidze","აბაშიძის ქუჩა","unique-contained-name","1"
"m. aleksidze st.","m aleksidze","","unmatched","0"
"m. asatiani st.","m asatiani","ასათიანის ქუჩა","unique-contained-name","1"
"M. Dadiani-Anchabadze st.","m dadiani anchabadze","ანჩაბაძის ქუჩა","unique-contained-name","1"
"M. Japaridze st.","m japaridze","ჯაფარიძის ქუჩა","unique-contained-name","1"
"m. javakhishvili st.","m javakhishvili","მ. ჯავახიშვილის ქუჩა","exact","1"
"m. kavtaradze st.","m kavtaradze","ქავთარაძის ქუჩა","unique-contained-name","1"
"m. meskhi st.","m meskhi","მ. მესხის I შეს.","unique-contained-name","1"
"m. mrevlishvili st.","m mrevlishvili","","unmatched","0"
"M. Tsinamdzghvrishvili","m tsinamdzghvrishvili","","unmatched","0"
"M.Gelovani st.","m gelovani","გელოვანის ქუჩა","unique-contained-name","1"
"M.Lebanidzei st.","m lebanidzei","","unmatched","0"
"M.Mdivani st.","m mdivani","","unmatched","0"
"M.Mrevlishvili st.","m mrevlishvili","","unmatched","0"
"machabeli st.","machabeli","მაჩაბელის ქუჩა","exact","1"
"Machavariani st.","machavariani","მაჭავარიანის ქუჩა","exact","1"
"machkhaani st.","machkhaani","მაჩხაანის ქუჩა","exact","1"
"magalashvili st.","magalashvili","","unmatched","0"
"magaro st.","magaro","","unmatched","0"
"maiakovski st.","maiakovski","","ambiguous","2"
"maisuradze st.","maisuradze","","ambiguous","8"
"makashvili st.","makashvili","მაკაშვილის ქუჩა","exact","1"
"makhaldiani st.","makhaldiani","მახალდიანის ქუჩა","exact","1"
"Makhata Rise","makhata rise","მახათას აღმართი","exact","1"
"makhatas st.","makhatas","","unmatched","0"
"makhinjauri st.","makhinjauri","ჩაქვი-მახინჯაურის გვირაბის შემოსავლელი","unique-contained-name","1"
"malkhazi st.","malkhazi","მალხაზის შესახვევი","exact","1"
"mamardashvili st.","mamardashvili","მამარდაშვილის ქუჩა","exact","1"
"Mamasakhlisov st.","mamasakhlisov","ვაგან მამასახლისოვის ქუჩა","unique-contained-name","1"
"Mamisashvili st.","mamisashvili","","ambiguous","2"
"mamradze gorge","mamradze gorge","პეტრე მამრაძის ხევი","unique-contained-name","1"
"mamradze st.","mamradze","პეტრე მამრაძის ქუჩა","unique-contained-name","1"
"manavi st.","manavi","მანავის ქუჩა","exact","1"
"manglisi st.","manglisi","მანგლისის ქუჩა","exact","1"
"manjgaladze st.","manjgaladze","ეროსი მანჯგალაძის ქუჩა","unique-contained-name","1"
"marelisi st.","marelisi","","unmatched","0"
"margiani st.","margiani","","unmatched","0"
"Marijani st.","marijani","მარიჯანის ქუჩა","exact","1"
"Marine Urtmelidze St.","marine urtmelidze","","unmatched","0"
"marjanishvili square","marjanishvili","","ambiguous","3"
"marjanishvili st.","marjanishvili","","ambiguous","3"
"Marjorie Wardrop's 2nd Lane","marjorie wardrop 2nd","მე-2 ქუჩა","unique-contained-name","1"
"Marneuli hwy","marneuli","","ambiguous","2"
"marneuli st.","marneuli","","ambiguous","2"
"Maro Tarkhnishvili st.","maro tarkhnishvili","მარო თარხნიშვილის ქუჩა","exact","1"
"Marseli st.","marseli","მარსელის ქუჩა","exact","1"
"Marshal Archil Gelovani Ave.","marshal archil gelovani","გელოვანის ქუჩა","unique-contained-name","1"
"Marshal Jozef Pilsudski str.","marshal jozef pilsudski str","","unmatched","0"
"martkopi st.","martkopi","","unmatched","0"
"martvili st.","martvili","მარტვილის ქუჩა","exact","1"
"maruashvili st.","maruashvili","გიორგი მარუაშვილის ქუჩა","unique-contained-name","1"
"matiashvili st.","matiashvili","","ambiguous","2"
"mazniashvili st.","mazniashvili","მაზნიაშვილის ქუჩა","exact","1"
"Mcxeta st.","mcxeta","","unmatched","0"
"mebagishvili st.","mebagishvili","","unmatched","0"
"megobroba st.","megobroba","","ambiguous","3"
"megreladze st.","megreladze","","unmatched","0"
"megreladze turn","megreladze turn","","unmatched","0"
"melaani st.","melaani","მელაანის II შესახვევი","unique-contained-name","1"
"Melkadze st.","melkadze","","ambiguous","2"
"Memed Abashidze st.","memed abashidze","მემედ აბაშიძის ქუჩა","exact","1"
"meprinveleoba st.","meprinveleoba","","unmatched","0"
"meqanizacia st.","meqanizacia","","unmatched","0"
"merchule st.","merchule","მერჩულეს ქუჩა","exact","1"
"Meri Shervashidze st.","meri shervashidze","მერი შერვაშიძის ქუჩა","exact","1"
"Mesame masivi","mesame masivi","","unmatched","0"
"meskheti st.","meskheti","მესხეთის ქუჩა","exact","1"
"Meskhia st.","meskhia","მესხიას ქუჩა","exact","1"
"meskhishvili st.","meskhishvili","მესხიშვილის ქუჩა","exact","1"
"metekhi rise","metekhi rise","მეტეხის ქუჩა","unique-contained-name","1"
"metekhi st.","metekhi","მეტეხის ქუჩა","exact","1"
"Metreveli st.","metreveli","","ambiguous","4"
"meunargia st.","meunargia","","unmatched","0"
"meveli st.","meveli","","unmatched","0"
"Mgaloblishvili st.","mgaloblishvili","","ambiguous","2"
"Michurini St","michurini","მიჩურინის ქუჩა","exact","1"
"Micro. I, bl. IV - Temka","micro i bl iv temka","","unmatched","0"
"Micro. I, bl. IX - Temka","micro i bl ix temka","","unmatched","0"
"Micro. I, bl. X - Temka","micro i bl x temka","","unmatched","0"
"Micro. I, bl. Xa - Temka","micro i bl xa temka","","unmatched","0"
"Micro. I, bl. Xb - Temka","micro i bl xb temka","","unmatched","0"
"Micro. III, bl. I - Temka","micro iii bl i temka","","unmatched","0"
"Micro. III, bl. II - Temka","micro iii bl ii temka","","unmatched","0"
"Micro. III, bl. III - Temka","micro iii bl iii temka","","unmatched","0"
"Micro. III, bl. IV - Temka","micro iii bl iv temka","","unmatched","0"
"Micro. III, bl. V - Temka","micro iii bl v temka","","unmatched","0"
"Micro. XI, bl. I - Temka","micro xi bl i temka","","unmatched","0"
"Micro. XI, bl. II - Temka","micro xi bl ii temka","","unmatched","0"
"Micro. XI, bl. III - Temka","micro xi bl iii temka","","unmatched","0"
"microdistrict II - Varketili zemo plato","microdistrict ii varketili zemo plato","","unmatched","0"
"Microdistrict IV - Temka","microdistrict iv temka","","unmatched","0"
"midelauri st.","midelauri","ვანო მიდელაურის ქუჩა","unique-contained-name","1"
"mikatadze st.","mikatadze","მიქატაძის ქუჩა","exact","1"
"milorava st.","milorava","შოთა მილორავას ქუჩა","unique-contained-name","1"
"miminoshvili st.","miminoshvili","რომან მიმინოშვილის ქუჩა","unique-contained-name","1"
"Mindeli st.","mindeli","ელიზბარ მინდელის ქუჩა","unique-contained-name","1"
"mirckhulava st.","mirckhulava","","unmatched","0"
"mirotadze st.","mirotadze","გიორგი მიროტაძის ქუჩა","unique-contained-name","1"
"mirza shah st.","mirza shah","","unmatched","0"
"mirzaani st.","mirzaani","მირზაანის ქუჩა","exact","1"
"mitingi st.","mitingi","","unmatched","0"
"mitskevichi st.","mitskevichi","","unmatched","0"
"Mizandari st.","mizandari","","ambiguous","2"
"mnatobi st.","mnatobi","","ambiguous","2"
"moliti st.","moliti","მოლითის ქუჩა","exact","1"
"molokov st.","molokov","","unmatched","0"
"Monadire st.","monadire","მონადირეს ქუჩა","exact","1"
"Monastery dead end","monastery dead end","","unmatched","0"
"Monastery St.","monastery","","ambiguous","4"
"moreti st.","moreti","კარლო მორეტის ქუჩა","unique-contained-name","1"
"mosashvili st.","mosashvili","მოსაშვილის ქუჩა","exact","1"
"Mosidze st.","mosidze","","ambiguous","2"
"moskovi ave","moskovi","","ambiguous","2"
"Mosulishvili st.","mosulishvili","ფორე მოსულიშვილის შესახვევი","exact","1"
"Mount Tabor I lane","mount tabor i","","unmatched","0"
"Mount Tabor St.","mount tabor","","unmatched","0"
"mrevlishvili st.","mrevlishvili","","ambiguous","3"
"Mshenebeli st.","mshenebeli","","unmatched","0"
"mshvelidze st.","mshvelidze","შალვა მშველიძის ქუჩა","unique-contained-name","1"
"Mshvidobis st.","mshvidobis","","unmatched","0"
"mtacminda st.","mtacminda","","unmatched","0"
"mtavarangelozi st.","mtavarangelozi","მტავარანგელოზის ქუჩა","exact","1"
"mtisdziri st.","mtisdziri","მთისძირის ქუჩა","exact","1"
"mtisdziri turn","mtisdziri turn","მთისძირის ქუჩა","unique-contained-name","1"
"mtkvari st.","mtkvari","","ambiguous","2"
"Mujirishvili st.","mujirishvili","თამაზ მუჯირიშვილის ქუჩა","unique-contained-name","1"
"mukhadze st.","mukhadze","მუხაძის ქუჩა","exact","1"
"Mukhran Machavariani st.","mukhran machavariani","მუხრან მაჭავარიანის ქუჩა","exact","1"
"mukhrani st.","mukhrani","მუხრანის ქუჩა","exact","1"
"Muradin-Fridoni st.","muradin fridoni","","unmatched","0"
"mushata st.","mushata","","unmatched","0"
"muskhelishvili st.","muskhelishvili","","ambiguous","3"
"Mzia eristavi st","mzia eristavi","მზია ერისთავის ქუჩა","exact","1"
"Mzia Jincharadze St.","mzia jincharadze","მზია ჯინჭარაძის ქუჩა","exact","1"
"N. Baratashvili st.","n baratashvili","","unmatched","0"
"N. Beradze st.","n beradze","","unmatched","0"
"N. Dgebuadze St.","n dgebuadze","","unmatched","0"
"n. nikoladze st.","n nikoladze","ნიკოლაძის ქუჩა","unique-contained-name","1"
"n.buachidze st.","n buachidze","","unmatched","0"
"N.Chkheidze st.","n chkheidze","ჩხეიძის ქუჩა","unique-contained-name","1"
"N.Tabidze st.","n tabidze","","unmatched","0"
"nabakelia st","nabakelia","","unmatched","0"
"Nadareishvili st.","nadareishvili","","ambiguous","2"
"nadikvari st.","nadikvari","ნადიკვარის ქუჩა","exact","1"
"nadiradze st.","nadiradze","ნადირაძის ქუჩა","exact","1"
"nagomari st.","nagomari","ნაგომარის ქუჩა","exact","1"
"Nairashvili St.","nairashvili","ზურაბ ნაირაშვილის ქუჩა","unique-contained-name","1"
"nakaduli I turn","nakaduli i turn","ნაკადულის ქუჩა","unique-contained-name","1"
"nakaduli st.","nakaduli","ნაკადულის ქუჩა","exact","1"
"nakalakevi st.","nakalakevi","ნაქალაქევის ქუჩა","exact","1"
"nakashidzeebi st.","nakashidzeebi","","unmatched","0"
"nakerala st.","nakerala","ნაქერალის ქუჩა","exact","1"
"Narimanovi st","narimanovi","","unmatched","0"
"nasakirali st.","nasakirali","ნასაკირალის ქუჩა","exact","1"
"nasidze st.","nasidze","სულხან ნასიძის ქუჩა","unique-contained-name","1"
"natadze st.","natadze","","ambiguous","2"
"natakhtari st.","natakhtari","ნატახტარის ქუჩა","exact","1"
"Natia Bashaleishvili st.","natia bashaleishvili","ნათია ბაშალეიშვილის ქუჩა","exact","1"
"natishvili st.","natishvili","ალექსანდრე ნათიშვილის ქუჩა","unique-contained-name","1"
"Navtlughi IV st","navtlughi iv","ნავთლუღის ქუჩა","unique-contained-name","1"
"Navtlughi V St.","navtlughi v","ნავთლუღის ქუჩა","unique-contained-name","1"
"navtlugi I st.","navtlugi i","","unmatched","0"
"navtlugi st.","navtlugi","","unmatched","0"
"nbaladini st.","nbaladini","","unmatched","0"
"Nekerchkhli st.","nekerchkhli","ნეკერჩხლის ქუჩა","exact","1"
"Nenavi st.","nenavi","ნენავის ქუჩა","exact","1"
"Nestan-Darejani st.","nestan darejani","","unmatched","0"
"New Khevni st.","new khevni","","unmatched","0"
"niabi I turn","niabi i turn","ნიაბის ქუჩა","unique-contained-name","1"
"niabi II turn","niabi ii turn","ნიაბის ქუჩა","unique-contained-name","1"
"niabi III turn","niabi iii turn","ნიაბის ქუჩა","unique-contained-name","1"
"niabi IV turn","niabi iv turn","ნიაბის ქუჩა","unique-contained-name","1"
"niabi st.","niabi","ნიაბის ქუჩა","exact","1"
"niabi V turn","niabi v turn","ნიაბის ქუჩა","unique-contained-name","1"
"Nijaradze st.","nijaradze","","unmatched","0"
"Niko Buri st.","niko buri","ნიკო ბურის ქუჩა","exact","1"
"niko mari st.","niko mari","","ambiguous","2"
"Nikoloz (Carlo) Chkheidze st.","nikoloz carlo chkheidze","ჩხეიძის ქუჩა","unique-contained-name","1"
"Nikoloz Agiashvili I lane","nikoloz agiashvili i","ნიკოლოზ აგიაშვილის ქუჩა","unique-contained-name","1"
"ninidze st.","ninidze","ვიქტორ ნინიძის ქუჩა","unique-contained-name","1"
"Nino and Kalistrate Saliebi st.","nino and kalistrate saliebi","","unmatched","0"
"nino ramishvili st.","nino ramishvili","ნინო რამიშვილის ქუჩა","exact","1"
"Nino Ramishvili's Dead End II","nino ramishvili dead end ii","ნინო რამიშვილის ქუჩა","unique-contained-name","1"
"ninoshvili st.","ninoshvili","","ambiguous","5"
"Ninua st.","ninua","","ambiguous","2"
"nioradze st.","nioradze","ნიორაძის ქუჩა","exact","1"
"nishnianidze st.","nishnianidze","","ambiguous","2"
"nizami st.","nizami","ნიზამის ქუჩა","exact","1"
"nkekelidze st.","nkekelidze","","unmatched","0"
"nkhvareli st.","nkhvareli","","unmatched","0"
"nkiziki st.","nkiziki","","unmatched","0"
"Nodar Jangirashvili Street","nodar jangirashvili","ნოდარ ჯანგირაშვილის ქუჩა","exact","1"
"Noe khomeriki st.","noe khomeriki","ნოე ხომერიკის ქუჩა","exact","1"
"Nokalakevi St.","nokalakevi","ნოქალაქევის ქუჩა","exact","1"
"norio st.","norio","","ambiguous","2"
"nosiri st.","nosiri","ნოსირის ქუჩა","exact","1"
"noste st.","noste","","ambiguous","2"
"nuchubidze st.","nuchubidze","","unmatched","0"
"nucubidze I plato","nucubidze i plato","","unmatched","0"
"nucubidze II plato","nucubidze ii plato","","unmatched","0"
"nucubidze III plato","nucubidze iii plato","","unmatched","0"
"nucubidze IV plato","nucubidze iv plato","","unmatched","0"
"nucubidze v plato","nucubidze v plato","","unmatched","0"
"Nushi st.","nushi","ნუშის ქუჩა","exact","1"
"O.Chkheidze st.","o chkheidze","ჩხეიძის ქუჩა","unique-contained-name","1"
"O.Lortkipanidze st.","o lortkipanidze","","unmatched","0"
"observatria st.","observatria","","unmatched","0"
"Ochamchiri st.","ochamchiri","ოჩამჩირის ქუჩა","exact","1"
"ockheli st.","ockheli","","unmatched","0"
"Odesa st.","odesa","ოდესას ქუჩა","exact","1"
"odzelashvili st.","odzelashvili","ოძელაშვილის ქუჩა","exact","1"
"odzisi st.","odzisi","ოძისის ქუჩა","exact","1"
"Ojaleshi st.","ojaleshi","ოჯალეშის ქუჩა","exact","1"
"okrokana st.","okrokana","ოქროყანას ქუჩა","exact","1"
"okromchedlebi st.","okromchedlebi","ოქრომჭედლების ჩიხი","unique-contained-name","1"
"Olga Bakhutashvili st.","olga bakhutashvili","ოლღა ბახუტაშვილის ქუჩა","exact","1"
"Olive st.","olive","","unmatched","0"
"Onashvili st.","onashvili","გოჩა ონაშვილის ქუჩა","unique-contained-name","1"
"oni st.","oni","ონის ქუჩა","exact","1"
"oniani st.","oniani","","ambiguous","3"
"Oniashvili st.","oniashvili","ოთარ ონიაშვილის ქუჩა","unique-contained-name","1"
"opreti st.","opreti","ოფრეთის შესახვევი","exact","1"
"orbeliani square","orbeliani","ორბელიანის ქუჩა","exact","1"
"orbeliani st.","orbeliani","ორბელიანის ქუჩა","exact","1"
"orbeti st.","orbeti","ორბეთის ქუჩა","exact","1"
"Orjonikidze-Toroshelidze st.","orjonikidze toroshelidze","მინადორა ორჯონიკიძე-ტოროშელიძის ქუჩა","unique-contained-name","1"
"orpiri st.","orpiri","ორპირის ქუჩა","exact","1"
"ortachala st.","ortachala","","unmatched","0"
"Oseti st.","oseti","","unmatched","0"
"Osiauri st.","osiauri","ოსიაურის ქუჩა","exact","1"
"Osip Mandelshtam st.","osip mandelshtam","ოსიპ მანდელშტამის ქუჩა","exact","1"
"Oskar Shmerlingi","oskar shmerlingi","","unmatched","0"
"p. amiranashvili st.","p amiranashvili","","unmatched","0"
"P. Bagrationi St.","p bagrationi","","unmatched","0"
"P. Datuashvili st. st.","p datuashvili","","unmatched","0"
"P. Ioseliani st.","p ioseliani","იოსელიანის ქუჩა","unique-contained-name","1"
"p. kakabadze st.","p kakabadze","კაკაბაძის ქუჩა","unique-contained-name","1"
"p. saakadze st.","p saakadze","","unmatched","0"
"P.Djanelidze st.","p djanelidze","","unmatched","0"
"Paata Janiashvili St.","paata janiashvili","პაატა ჯანიაშვილის ქუჩას","exact","1"
"pabricius st.","pabricius","","unmatched","0"
"paghavas st.","paghavas","","unmatched","0"
"paliashvili st.","paliashvili","","ambiguous","2"
"paliastomi st.","paliastomi","პალიასტომის ქუჩა","exact","1"
"panaskerteli st.","panaskerteli","ზ. ფანასკერტელის ქუჩა","unique-contained-name","1"
"Panaskerteli-Tsitsishvili st.","panaskerteli tsitsishvili","","unmatched","0"
"pankisi st.","pankisi","","ambiguous","2"
"paravani st.","paravani","ფარავანის ქუჩა","exact","1"
"parnavaz mepe avenue","parnavaz mepe","","ambiguous","2"
"Parsman II Kveli st.","parsman ii kveli","","unmatched","0"
"paster st.","paster","","unmatched","0"
"Pataraia st.","pataraia","გურამ პატარაიას ქუჩა","unique-contained-name","1"
"patardzeuli st.","patardzeuli","პატარძეულის ქუჩა","exact","1"
"pataridze st.","pataridze","","unmatched","0"
"peikrebi st.","peikrebi","","ambiguous","2"
"pekini st.","pekini","პეკინის გამზირი","exact","1"
"Perini st.","perini","მარია პერინის ქუჩა","unique-contained-name","1"
"periscvaleba st.","periscvaleba","","unmatched","0"
"petkhaini st.","petkhaini","","unmatched","0"
"petre imeri st.","petre imeri","","unmatched","0"
"petriashvili st.","petriashvili","პეტრიაშვილის ქუჩა","exact","1"
"piatigorsk st.","piatigorsk","","unmatched","0"
"pilia st.","pilia","","unmatched","0"
"Pirosmani II Lane","pirosmani ii","","unmatched","0"
"pirosmani st.","pirosmani","","ambiguous","4"
"pkhakadze st.","pkhakadze","","ambiguous","3"
"pkhovi st.","pkhovi","ფხოვის ქუჩა","exact","1"
"Platini st.","platini","","unmatched","0"
"platoni st.","platoni","","unmatched","0"
"pockhishvili st.","pockhishvili","","unmatched","0"
"pockhverishvili st.","pockhverishvili","","unmatched","0"
"Politkovskaya St (jikia st.)","politkovskaya jikia","ჯიქიას ქუჩა","unique-contained-name","1"
"Ponichala 3","ponichala 3","","unmatched","0"
"posta st.","posta","","unmatched","0"
"poti st.","poti","","ambiguous","2"
"pshavi st.","pshavi","ფშავის ქუჩა","exact","1"
"purceladze st.","purceladze","","unmatched","0"
"pushkin st.","pushkin","","ambiguous","2"
"Qeburias dasaxleba","qeburias dasaxleba","","unmatched","0"
"Qobuladze st.","qobuladze","","unmatched","0"
"Qoshigora","qoshigora","","unmatched","0"
"Qvlividze st.","qvlividze","","unmatched","0"
"R. Chkheidze St.","r chkheidze","ჩხეიძის ქუჩა","unique-contained-name","1"
"R. Chkhikvadze st.","r chkhikvadze","","unmatched","0"
"r. davitashvili st.","r davitashvili","დავითაშვილის ქუჩა","unique-contained-name","1"
"r. eristavi st.","r eristavi","ერისთავის ქუჩა","unique-contained-name","1"
"r. japaridze st.","r japaridze","ჯაფარიძის ქუჩა","unique-contained-name","1"
"r. lagidze st.","r lagidze","","unmatched","0"
"R.Chkhikvadze st.","r chkhikvadze","","unmatched","0"
"R.Muskhelishvili st.","r muskhelishvili","","unmatched","0"
"Racha st.","racha","","ambiguous","2"
"radiani st.","radiani","შალვა რადიანის ქუჩა","unique-contained-name","1"
"Ramazi st.","ramazi","რამაზის ქუჩა","exact","1"
"ratevani st.","ratevani","რატევანის ქუჩა","exact","1"
"ratili st.","ratili","იოსებ რატილის ქუჩა","unique-contained-name","1"
"razikashvili st.","razikashvili","","ambiguous","2"
"razmadze st.","razmadze","რაზმაძის ქუჩა","exact","1"
"rcheulishvili st.","rcheulishvili","რჩეულიშვილის ქუჩა","exact","1"
"Rene Shmerlingi st.","rene shmerlingi","რენე შმერლინგის ქუჩა","exact","1"
"rica st.","rica","","unmatched","0"
"rionhesi st.","rionhesi","რიონჰესის ქუჩა","exact","1"
"rioni st.","rioni","რიონის ქუჩა","exact","1"
"Rioni Street","rioni","რიონის ქუჩა","exact","1"
"Rkinigza st.","rkinigza","","ambiguous","2"
"rkinis rigi turn","rkinis rigi turn","რკინის რიგი","unique-contained-name","1"
"rodeni st.","rodeni","","unmatched","0"
"Romanoz Razmadze st.","romanoz razmadze","რაზმაძის ქუჩა","unique-contained-name","1"
"Romi st.","romi","","unmatched","0"
"Rondeli st.","rondeli","დავით რონდელის ქუჩა","unique-contained-name","1"
"Rostevani st.","rostevani","როსტევანის ქუჩა","exact","1"
"rostov st.","rostov","როსტოვის ქუჩა","exact","1"
"rtveladze st.","rtveladze","","unmatched","0"
"ruisi st.","ruisi","","unmatched","0"
"ruispiri st.","ruispiri","რუისპირის ქუჩა","exact","1"
"rustaveli avenue","rustaveli","","ambiguous","4"
"rustaveli st.","rustaveli","","ambiguous","4"
"Rustavi hwy","rustavi","","ambiguous","2"
"S. Arshba st.","s arshba","","unmatched","0"
"s. cereteli st.","s cereteli","","unmatched","0"
"s. chiaureli st.","s chiaureli","","unmatched","0"
"s. chikovani st.","s chikovani","ჩიქოვანის ქუჩა","unique-contained-name","1"
"s. chilaia st.","s chilaia","","unmatched","0"
"s. cincadze st","s cincadze","","unmatched","0"
"s. durmishidze st.","s durmishidze","დურმიშიძის ქუჩა","unique-contained-name","1"
"s. meskhi st.","s meskhi","","unmatched","0"
"S. Surguladze st.","s surguladze","","unmatched","0"
"S. Takaishvili st.","s takaishvili","","unmatched","0"
"S.Metreveli st.","s metreveli","","unmatched","0"
"S.Takaishvili st.","s takaishvili","","unmatched","0"
"saadi st.","saadi","საადის ქუჩა","exact","1"
"Saakadze Descent","saakadze descent","გიორგი სააკაძის დაღმართი","unique-contained-name","1"
"sabaduri st.","sabaduri","","unmatched","0"
"sabargo village","sabargo village","","unmatched","0"
"sabashvili st.","sabashvili","მიხეილ საბაშვილის ქუჩა","unique-contained-name","1"
"Sabatone alley","sabatone alley","","unmatched","0"
"sachilao st.","sachilao","საჭილაოს ქუჩა","exact","1"
"sachkhere st.","sachkhere","საჩხერის ქუჩა","exact","1"
"Sadgeri St.","sadgeri","სადგერის ქუჩა","exact","1"
"sadmeli st.","sadmeli","სადმელის ქუჩა","exact","1"
"sagarejo st.","sagarejo","საგარეჯო-უდაბნო-დავით გარეჯის მონასტერი","unique-contained-name","1"
"saiatnova st.","saiatnova","საიათნოვას ქუჩა","exact","1"
"saingilo st.","saingilo","საინგილოს ქუჩა","exact","1"
"sairme mount","sairme mount","","unmatched","0"
"sairme st.","sairme","","ambiguous","2"
"Sakandelidze st.","sakandelidze","ზურაბ საკანდელიძის ქუჩა","unique-contained-name","1"
"sakari st.","sakari","","unmatched","0"
"sakhalkho st.","sakhalkho","სახალხოს ქუჩა","exact","1"
"Sakhokia st.","sakhokia","თედო სახოკიას ქუჩა","unique-contained-name","1"
"sakviri st.","sakviri","","unmatched","0"
"salami st.","salami","სალამის ქუჩა","exact","1"
"salkhino st.","salkhino","სალხინოს ქუჩა","exact","1"
"Samegrelo St.","samegrelo","სამეგრელოს ქუჩა","exact","1"
"samgebro st.","samgebro","","unmatched","0"
"samgereti st.","samgereti","","unmatched","0"
"Samgereti st. (Ivertubani)","samgereti ivertubani","ივერთუბნის ქუჩა","unique-contained-name","1"
"Samgori settlement","samgori settlement","სამგორის ქუჩა","unique-contained-name","1"
"samgori st.","samgori","სამგორის ქუჩა","exact","1"
"samokalako st.","samokalako","","unmatched","0"
"Samreklo st.","samreklo","სამრეკლოს ქუჩა","exact","1"
"samshvilde st.","samshvilde","სამშვილდის ქუჩა","exact","1"
"Samson Pirtskhalava St.","samson pirtskhalava","სამსონ ფირცხალავას ქუჩა","exact","1"
"samtredia st.","samtredia","სამტრედიის ქუჩა","exact","1"
"samurzakano st.","samurzakano","სამურზაყანოს ქუჩა","exact","1"
"Samxedro qalaqi 202","samxedro qalaqi 202","","unmatched","0"
"Sanapiro st.","sanapiro","","ambiguous","2"
"sanavardo st.","sanavardo","სანავარდოს ქუჩა","exact","1"
"Sandro Euli st.","sandro euli","","unmatched","0"
"sanerge st.","sanerge","","unmatched","0"
"sankt-peterburg st.","sankt peterburg","სანკტ-პეტერბურგის ქუჩა","exact","1"
"sarajishvili st.","sarajishvili","სარაჯიშვილის ქუჩა","exact","1"
"sarkineti st.","sarkineti","სარკინეთის ქუჩა","exact","1"
"sartania st.","sartania","შოთა სართანიას ქუჩა","unique-contained-name","1"
"sartichala st.","sartichala","","ambiguous","2"
"Sativ St.","sativ","","unmatched","0"
"savaneli st.","savaneli","ხარლამპ სავანელის ქუჩა","unique-contained-name","1"
"Senaki St.","senaki","სენაკის ქუჩა","exact","1"
"Sergo Gujejiani st.","sergo gujejiani","სერგო გუჯეჯიანის ქუჩა","exact","1"
"Settlement of St. Barbara st.","settlement of barbara","","unmatched","0"
"sevani st.","sevani","სევანის ქუჩა","exact","1"
"sh. cincadze st.","sh cincadze","","unmatched","0"
"sh. Dadiani st.","sh dadiani","დადიანის ქუჩა","unique-contained-name","1"
"sh. mikatadze st.","sh mikatadze","მიქატაძის ქუჩა","unique-contained-name","1"
"sh. Mikeladze st.","sh mikeladze","","unmatched","0"
"Sh. Nadirashvili st.","sh nadirashvili","","unmatched","0"
"shakriani st.","shakriani","შაქრიანის ქუჩა","exact","1"
"Shalva Apkhaidze III lane","shalva apkhaidze iii","შალვა აფხაიძის ქუჩა","unique-contained-name","1"
"Shalva Gogidze St.","shalva gogidze","შალვა გოგიძის ქუჩა","exact","1"
"shandor petef st.","shandor petef","","unmatched","0"
"shanidze st.","shanidze","შანიძის ქუჩა","exact","1"
"shanshaishvili st.","shanshaishvili","","unmatched","0"
"Sharadze st.","sharadze","მაქსიმე შარაძის ქუჩა","unique-contained-name","1"
"sharashidze st.","sharashidze","","ambiguous","3"
"shardeni st.","shardeni","","unmatched","0"
"shartava st.","shartava","","ambiguous","3"
"Sharvadze St.","sharvadze","ავთანდილ შარვაძის ქუჩა","unique-contained-name","1"
"shatili st.","shatili","","ambiguous","2"
"shatilov st.","shatilov","","unmatched","0"
"shavgulidze st.","shavgulidze","","unmatched","0"
"shavishvili st.","shavishvili","მიხეილ შავიშვილის ქუჩა","unique-contained-name","1"
"shavnabada st.","shavnabada","","ambiguous","2"
"shavsopeli st.","shavsopeli","შავსოფელის ქუჩა","exact","1"
"shavteli st.","shavteli","შავთელის ქუჩა","exact","1"
"shengelia st.","shengelia","შენგელიას ქუჩა","exact","1"
"shervashidze st","shervashidze","","ambiguous","3"
"sheshelidze st.","sheshelidze","თენგიზ შეშელიძის ქუჩა","unique-contained-name","1"
"shevardenidze st.","shevardenidze","კახა შევარდენიძის ქუჩა","unique-contained-name","1"
"shevchenko st.","shevchenko","შევჩენკოს ქუჩა","exact","1"
"shilda st.","shilda","","ambiguous","2"
"shindisi st.","shindisi","","ambiguous","2"
"shio mgvimeli st.","shio mgvimeli","შიო-მღვიმელის ქუჩა","exact","1"
"shiraqi st.","shiraqi","","unmatched","0"
"Shkhepi St.","shkhepi","შხეფის ქუჩა","exact","1"
"Shorapani st.","shorapani","შორაპანის ქუჩა","exact","1"
"shorapni II st.","shorapni ii","","unmatched","0"
"Shoshitaishvili st.","shoshitaishvili","","unmatched","0"
"Shota Rustaveli st.","shota rustaveli","","ambiguous","8"
"Shotadze st.","shotadze","სვიმეონ შოთაძის ქუჩა","unique-contained-name","1"
"shrosha st.","shrosha","შროშის ქუჩა","exact","1"
"Shuamta st.","shuamta","შუამთის ქუჩა","exact","1"
"shusha st.","shusha","შუშას ქუჩა","exact","1"
"Sidamon-Eristavi St.","sidamon eristavi","","ambiguous","2"
"sighnagi st.","sighnagi","","unmatched","0"
"sikharulidze","sikharulidze","ივანე სიხარულიძის ქუჩა","unique-contained-name","1"
"Simon Kldiashvili st.","simon kldiashvili","","unmatched","0"
"sioni st.","sioni","სიონის ქუჩა","exact","1"
"skhirtladze st.","skhirtladze","","ambiguous","3"
"skhulukhia st.","skhulukhia","","ambiguous","2"
"sobchak st.","sobchak","","unmatched","0"
"soganlugi turn","soganlugi turn","","unmatched","0"
"Sokhumi st.","sokhumi","სოხუმის ქუჩა","exact","1"
"sololakis alley","sololakis alley","","unmatched","0"
"Solomon Brdzeni St.","solomon brdzeni","","unmatched","0"
"somkheti st.","somkheti","სომხეთის ქუჩა","exact","1"
"spandariani st.","spandariani","","unmatched","0"
"Spartaki st.","spartaki","სპარტაკის ქუჩა","exact","1"
"Spiridon Virsaladze St.","spiridon virsaladze","სპირიდონ ვირსალაძის ქუჩა","exact","1"
"st. nikolozi st.","nikolozi","წმინდა ნიკოლოზის ქუჩა","unique-contained-name","1"
"st. Phermcerta","phermcerta","","unmatched","0"
"stanislavski st.","stanislavski","კონსტანტინე სტანისლავსკის ქუჩა","unique-contained-name","1"
"sturua st.","sturua","","ambiguous","3"
"Sukhishvili st.","sukhishvili","","ambiguous","3"
"suliashvili st.","suliashvili","დავით სულიაშვილის ქუჩა","unique-contained-name","1"
"Suliko Jgenti st.","suliko jgenti","","unmatched","0"
"Suliko Tortladze St.","suliko tortladze","სულიკო თორთლაძის ქუჩა","exact","1"
"sulkanishvili st.","sulkanishvili","","unmatched","0"
"sulkhan-saba st.","sulkhan saba","","ambiguous","3"
"Sultnishani st.","sultnishani","","unmatched","0"
"sumbatashvil-iujni st.","sumbatashvil iujni","","unmatched","0"
"sumorov st.","sumorov","","unmatched","0"
"sundukian st.","sundukian","","unmatched","0"
"surami st.","surami","სურამის ქუჩა","exact","1"
"svaneti st.","svaneti","სვანეთის ქუჩა","exact","1"
"Svanidze st.","svanidze","სვანიძის ქუჩა","exact","1"
"Svanishvili st.","svanishvili","ნიკოლოზ სვანიშვილის ქუჩა","unique-contained-name","1"
"Sveticxoveli st.","sveticxoveli","","unmatched","0"
"sviri st.","sviri","სვირის ქუჩა","exact","1"
"Sxvitori st.","sxvitori","","unmatched","0"
"T. Botchorishvili st.","t botchorishvili","","unmatched","0"
"t. buachidze","t buachidze","","unmatched","0"
"t. eristavi st. (Didube)","t eristavi didube","","unmatched","0"
"T. Gudava st.","t gudava","","unmatched","0"
"t. nadareishvili st.","t nadareishvili","","unmatched","0"
"T. Putkaradze St.","t putkaradze","","unmatched","0"
"t. tabidze st.","t tabidze","","unmatched","0"
"t.eristavi st. (Sanzona)","t eristavi sanzona","","unmatched","0"
"T.Fifia st.","t fifia","","unmatched","0"
"T.Jordania st.","t jordania","ჟორდანიას ქუჩა","unique-contained-name","1"
"tabakhmela st.","tabakhmela","ტაბახმელას ქუჩა","exact","1"
"tabukashvili st.","tabukashvili","","ambiguous","2"
"Tadzari st.","tadzari","","ambiguous","2"
"Taktakishvili St","taktakishvili","ოთარ თაქთაქიშვილის ქუჩა","unique-contained-name","1"
"tamar mepe ave","tamar mepe","","ambiguous","7"
"Tamar mephe st.","tamar mephe","თამარის ქუჩა","unique-contained-name","1"
"Tamarasheni st.","tamarasheni","თამარაშენის ქუჩა","exact","1"
"Tamarashvili st. (Saburtalo)","tamarashvili saburtalo","","unmatched","0"
"tamarashvili st. (vake)","tamarashvili vake","","unmatched","0"
"tandzia st","tandzia","ტანძიის ქუჩა","exact","1"
"tarieli st.","tarieli","ტარიელის ქუჩა","exact","1"
"tarkhnishvili st.","tarkhnishvili","თარხნიშვილის ქუჩა","exact","1"
"Tashiri St.","tashiri","ტაშირის ქუჩა","exact","1"
"tashkenti st.","tashkenti","","unmatched","0"
"tatishvili st.","tatishvili","","ambiguous","3"
"tavadze st.","tavadze","","ambiguous","3"
"Tavgorashvili St.","tavgorashvili","კახაბერ თავგორაშვილის ქუჩა","unique-contained-name","1"
"Tavisufloebis st.","tavisufloebis","","unmatched","0"
"Tavkhelidze st.","tavkhelidze","","ambiguous","2"
"Tba st.","tba","ტბას ქუჩა","exact","1"
"Tbilisi sea","tbilisi sea","","unmatched","0"
"Tbilisi Sea new city","tbilisi sea new city","","unmatched","0"
"Tbilisi st.","tbilisi","","ambiguous","4"
"Teimuraz Bochorishvili's I dead end","teimuraz bochorishvili i dead end","თეიმურაზ ბოჭორიშვილის ქუჩა","unique-contained-name","1"
"Teimuraz Bochorishvili's II Dead End","teimuraz bochorishvili ii dead end","თეიმურაზ ბოჭორიშვილის ქუჩა","unique-contained-name","1"
"Teimurazi st.","teimurazi","","unmatched","0"
"tekhura st.tkvarcheli st.","tekhura tkvarcheli","","ambiguous","2"
"Tekla Batonishvili st.","tekla batonishvili","თეკლა ბატონიშვილის ქუჩა","exact","1"
"Teklati st.","teklati","თეკლათის ქუჩა","exact","1"
"Telavi st.","telavi","","ambiguous","3"
"telegrapi st.","telegrapi","","unmatched","0"
"teleti st.","teleti","თელეთის ქუჩა","exact","1"
"Tengiz Akhmeteli St.","tengiz akhmeteli","თენგიზ ახმეტელის ქუჩა","exact","1"
"Teodore Tironi st.","teodore tironi","","unmatched","0"
"Teophane Davitaia st.","teophane davitaia","","unmatched","0"
"terenti graneli st.","terenti graneli","","ambiguous","2"
"Tereverko st.","tereverko","გიორგი ტერევერკოს ქუჩა","unique-contained-name","1"
"tergi st.","tergi","თერგის ქუჩა","exact","1"
"tetelashvili st.","tetelashvili","გია ტეტელაშვილის ქუჩა","unique-contained-name","1"
"tetnuldi st.","tetnuldi","თეთნულდის ქუჩა","exact","1"
"Tetri Giorgi st.","tetri giorgi","თეთრი გიორგის ქუჩა","exact","1"
"Tetri Khevi st.","tetri khevi","თეთრი ხევის ქუჩა","exact","1"
"Tetritskaro st.","tetritskaro","","unmatched","0"
"tevdore mgvdeli st.","tevdore mgvdeli","თევდორე მღვდელის ქუჩა","exact","1"
"The second lane of Krtsanis","the second of krtsanis","","unmatched","0"
"The third alley of Erekle II","the third alley of erekle ii","","unmatched","0"
"tianeti hwy","tianeti","","ambiguous","2"
"tianeti st.","tianeti","","ambiguous","2"
"tibaani st.","tibaani","ტიბაანის ქუჩა","exact","1"
"tikhonov st.","tikhonov","","unmatched","0"
"Tinatin Virsaladze St.","tinatin virsaladze","თინათინ ვირსალაძის ქუჩა","exact","1"
"Tinatini st.","tinatini","თინათინის ქუჩა","exact","1"
"Tirifebi st.","tirifebi","","unmatched","0"
"Tirifoni st.","tirifoni","","unmatched","0"
"Tkeshelashvili st.","tkeshelashvili","","unmatched","0"
"Tkhinvala","tkhinvala","თხინვალას ქუჩა","exact","1"
"tkibuli st.","tkibuli","ტყიბულის ქუჩა","exact","1"
"tkviavi st.","tkviavi","ტყვიავის ქუჩა","exact","1"
"tmogvi","tmogvi","თმოგვის ქუჩა","exact","1"
"toidze st.","toidze","თოიძის ქუჩა","exact","1"
"tolenji st.","tolenji","თოლენჯის ქუჩა","exact","1"
"tolstoi st.","tolstoi","ლევ ტოლსტოის ქუჩა","unique-contained-name","1"
"tordia st.","tordia","","unmatched","0"
"toroshelidze st.","toroshelidze","","ambiguous","2"
"tovstonogov st.","tovstonogov","გიორგი ტოვსტონოგოვის ქუჩა","unique-contained-name","1"
"traktori st.","traktori","","unmatched","0"
"transporti st.","transporti","","unmatched","0"
"trialeti st.","trialeti","თრიალეთის ქუჩა","exact","1"
"trikotaji st.","trikotaji","","unmatched","0"
"Ts. Amirejibi st.","ts amirejibi","","unmatched","0"
"Ts. Dadiani st. (chugureti)","ts dadiani chugureti","","unmatched","0"
"Ts. Dadiani st. (nadzaladevi)","ts dadiani nadzaladevi","","unmatched","0"
"Tsagareli St.","tsagareli","ცაგარელის ქუჩა","exact","1"
"tsagveri st.","tsagveri","წაღვერი-ტიმოთესუბანი-ტაძარი","unique-contained-name","1"
"Tsakhvebi st.","tsakhvebi","","unmatched","0"
"tsalka st.","tsalka","წალკას ქუჩა","exact","1"
"Tsameti asureli mama st.","tsameti asureli mama","","unmatched","0"
"Tsarafi St.","tsarafi","","unmatched","0"
"Tsatsxvebi Lane IX","tsatsxvebi ix","","unmatched","0"
"tseronisi st.","tseronisi","წერონისის ქუჩა","exact","1"
"tsiklauri st.","tsiklauri","","ambiguous","2"
"tsinanauri st.","tsinanauri","წინანაურის ქუჩა","exact","1"
"tsinandali st.","tsinandali","","ambiguous","3"
"tsinaubani st.","tsinaubani","წინაუბნის ქუჩა","exact","1"
"Tsiskarishvili st.","tsiskarishvili","","ambiguous","2"
"tsitsamuri st.","tsitsamuri","წიწამურის ქუჩა","exact","1"
"tskalsadeni st.","tskalsadeni","","unmatched","0"
"tskaltubo st.","tskaltubo","წყალტუბოს ქუჩა","exact","1"
"tskaro st.","tskaro","წყაროს ქუჩა","exact","1"
"tskneti hwy","tskneti","","unmatched","0"
"Tskneti Hwy I Line","tskneti i line","","unmatched","0"
"Tsolikauri st.","tsolikauri","ცოლიკაურის ქუჩა","exact","1"
"tsromi st.","tsromi","წრომის ქუჩა","exact","1"
"tsuladze st.","tsuladze","აპოლონ წულაძის ქუჩა","exact","1"
"tsulukidze st.","tsulukidze","წულუკიძის ქუჩა","exact","1"
"tsurtsumia st.","tsurtsumia","წურწუმიას ქუჩა","exact","1"
"Tsutsqiridze st.","tsutsqiridze","","unmatched","0"
"tsutsunava st.","tsutsunava","","ambiguous","2"
"tumaniani st.","tumaniani","თუმანიანის ქუჩა","exact","1"
"Tumanishvili st.","tumanishvili","თუმანიშვილის ქუჩა","exact","1"
"Turashauli st.","turashauli","თურაშაულის ქუჩა","exact","1"
"turgenev st.","turgenev","","unmatched","0"
"Turtle lake","turtle lake","","unmatched","0"
"tuskia st.","tuskia","იონა ტუსკიას ქუჩა","unique-contained-name","1"
"tvalchrelidze st.","tvalchrelidze","","ambiguous","3"
"tvishi st.","tvishi","ტვიშის ქუჩა","exact","1"
"u. chkheidze st.","u chkheidze","ჩხეიძის ქუჩა","unique-contained-name","1"
"ubilava st.","ubilava","ელიზბარ და ვლადიმერ უბილავების ქუჩა","unique-contained-name","1"
"uchaneishvili I turn","uchaneishvili i turn","","unmatched","0"
"uchaneishvili II turn","uchaneishvili ii turn","","unmatched","0"
"Uchaneishvili III Lane","uchaneishvili iii","","unmatched","0"
"uchaneishvili st.","uchaneishvili","ირაკლი უჩანეიშვილის ქუჩა","unique-contained-name","1"
"Udabno masteri lane I","udabno masteri i","","unmatched","0"
"Udzo st.","udzo","უძოს ქუჩა","exact","1"
"Ugrelidze st.","ugrelidze","მარიამ უგრელიძის ქუჩა","unique-contained-name","1"
"uiarago st.","uiarago","","unmatched","0"
"ujarma st.","ujarma","უჯარმას ქუჩა","exact","1"
"umikashvili st.","umikashvili","პეტრე უმიკაშვილის ქუჩა","unique-contained-name","1"
"universiteti st.","universiteti","უნივერსიტეტის ქუჩა","exact","1"
"upliscikhe st.","upliscikhe","","unmatched","0"
"urbnisi st.","urbnisi","ურბნისის ქუჩა","exact","1"
"ureki st.","ureki","ურეკის ქუჩა","exact","1"
"uricki st.","uricki","","unmatched","0"
"uridia st.","uridia","ურიდიას ქუჩა","exact","1"
"Usakhelauri st.","usakhelauri","","unmatched","0"
"ushakov st.","ushakov","","unmatched","0"
"Utseri st.","utseri","","unmatched","0"
"Utsnob gmirta st.","utsnob gmirta","უცნობ გმირთა ქუჩა","exact","1"
"uznadze st.","uznadze","დიმიტრი უზნაძის ქუჩა","unique-contained-name","1"
"V Microdistrict - Gldani","v microdistrict gldani","გლდანის ქუჩა","unique-contained-name","1"
"v. abashidze st.","v abashidze","აბაშიძის ქუჩა","unique-contained-name","1"
"v. chikovani st.","v chikovani","ჩიქოვანის ქუჩა","unique-contained-name","1"
"V. Kikvidze st.","v kikvidze","კიკვიძის ქუჩა","unique-contained-name","1"
"V. Nozadze st.","v nozadze","","unmatched","0"
"v. sarajishvili st.","v sarajishvili","სარაჯიშვილის ქუჩა","unique-contained-name","1"
"V. Tabliashvili St.","v tabliashvili","","unmatched","0"
"V. Topuridze st.","v topuridze","","unmatched","0"
"v. vekua st.","v vekua","ვეკუას ქეჩა","unique-contained-name","1"
"v.bagrationi st.","v bagrationi","","unmatched","0"
"V.Chiladze st.","v chiladze","","unmatched","0"
"v.kakabadze st.","v kakabadze","კაკაბაძის ქუჩა","unique-contained-name","1"
"V.Orbeliani st.","v orbeliani","ორბელიანის ქუჩა","unique-contained-name","1"
"V.Tsintsadze st.","v tsintsadze","ცინცაძის ქუჩა","unique-contained-name","1"
"vachnadze st.","vachnadze","","ambiguous","2"
"Vagzali st.","vagzali","ვაგზალის ქუჩა","exact","1"
"Vaja Iverieli st.","vaja iverieli","","unmatched","0"
"vaja pshavela I chikhi","vaja pshavela i chikhi","ვაჟა-ფშაველას ქუჩა","unique-contained-name","1"
"vaja pshavela III turn,","vaja pshavela iii turn","ვაჟა-ფშაველას ქუჩა","unique-contained-name","1"
"vaja-pshavela avenue","vaja pshavela","ვაჟა-ფშაველას ქუჩა","exact","1"
"Vaja-Pshavela st.","vaja pshavela","ვაჟა-ფშაველას ქუჩა","exact","1"
"Vakhtan Gorgasali St.","vakhtan gorgasali","","unmatched","0"
"Vakhtang Beridze St","vakhtang beridze","ვახტანგ ბერიძის ქუჩა","exact","1"
"vakhtanq VI st.","vakhtanq vi","","unmatched","0"
"Vakhushti Batonishvili st.","vakhushti batonishvili","ვახუშტი ბატონიშვილის ქუჩა","exact","1"
"vani st.","vani","ვანის ქუჩა","exact","1"
"Vanler Daisel st.","vanler daisel","","unmatched","0"
"Vano Khornauli st.","vano khornauli","","unmatched","0"
"varaziskhevi st.","varaziskhevi","ვარაზისხევის ქუჩა","exact","1"
"varcikhe st.","varcikhe","","unmatched","0"
"Varden Tsulukidze st.","varden tsulukidze","წულუკიძის ქუჩა","unique-contained-name","1"
"Vardevani st.","vardevani","ვარდევანის ქუჩა","exact","1"
"vardisubani st.","vardisubani","ვარდისუბნის ქუჩა","exact","1"
"Varketilis meurneoba","varketilis meurneoba","","unmatched","0"
"vartagava st.","vartagava","იპოლიტე ვართაგავას ქუჩა","unique-contained-name","1"
"vasadze st.","vasadze","აკაკი ვასაძის ქუჩა","unique-contained-name","1"
"vashlovani st.","vashlovani","ვაშლოვანის ქუჩა","exact","1"
"Vasil Koptsov St.","vasil koptsov","","unmatched","0"
"Vasil Tamarashvili st.","vasil tamarashvili","ვასილ თამარაშვილის ქუჩა","exact","1"
"Vazi st.","vazi","ვაზის ქუჩა","exact","1"
"vaziani st.","vaziani","ვაზიანის ქუჩა","exact","1"
"Vazisubnis dasaxleba","vazisubnis dasaxleba","","unmatched","0"
"vedzatkhevi st.","vedzatkhevi","","ambiguous","2"
"Vedzinis st.","vedzinis","","unmatched","0"
"Veistsikhe st.","veistsikhe","","unmatched","0"
"vejini st.","vejini","","unmatched","0"
"Vepkhistkaosnis st.","vepkhistkaosnis","","unmatched","0"
"vera turn","vera turn","","unmatched","0"
"verckhli st.","verckhli","","unmatched","0"
"verharni st.","verharni","","unmatched","0"
"veshapuri st.","veshapuri","","unmatched","0"
"Vezirovi st.","vezirovi","","unmatched","0"
"VI Microdistrict - Gldani","vi microdistrict gldani","გლდანის ქუჩა","unique-contained-name","1"
"Victor Jorbenadze st.","victor jorbenadze","ვიქტორ ჯორბენაძის ქუჩა","exact","1"
"VII Microdistrict - Gldani","vii microdistrict gldani","გლდანის ქუჩა","unique-contained-name","1"
"VIII Microdistrict - Gldani","viii microdistrict gldani","გლდანის ქუჩა","unique-contained-name","1"
"vik. naneishvili st.","vik naneishvili","ნანეიშვილის ქუჩა","unique-contained-name","1"
"virsaladze st.","virsaladze","","ambiguous","4"
"Vitali Daraselia st.","vitali daraselia","ვიტალი დარასელიას ქუჩა","exact","1"
"voronin st.","voronin","ვლადიმერ ვორონინის ქუჩა","unique-contained-name","1"
"wine aRmarTi","wine armarti","","unmatched","0"
"Yalno st.","yalno","","unmatched","0"
"Yotam Zedgenidze St.","yotam zedgenidze","","unmatched","0"
"Z. Anjafaridze I lane","z anjafaridze i","","unmatched","0"
"Z. Anjafaridze st.","z anjafaridze","","unmatched","0"
"z. anjaparidze st.","z anjaparidze","ანჯაფარიძის ჷუჩა","unique-contained-name","1"
"z. bendeliani st.","z bendeliani","ბენდელიანის ქუჩა","unique-contained-name","1"
"z. bocvadze st.","z bocvadze","","unmatched","0"
"z. chavchavadze st.","z chavchavadze","","unmatched","0"
"z. chichinadze st.","z chichinadze","ჭიჭინაძის ქუჩა","unique-contained-name","1"
"Z. Gamsakhurdia st.","z gamsakhurdia","","unmatched","0"
"z. kikodze st.","z kikodze","ქიქოძის ქუჩა","unique-contained-name","1"
"Z. Kurdiani St.","z kurdiani","","unmatched","0"
"Z. larajuli St.","z larajuli","","unmatched","0"
"Z. Mkhargdzeli st.","z mkhargdzeli","","unmatched","0"
"zaarbruken square","zaarbruken","","unmatched","0"
"zaarbruken st.","zaarbruken","","unmatched","0"
"Zakaria Djordjaze st.","zakaria djordjaze","","unmatched","0"
"zakaria st.","zakaria","","ambiguous","23"
"zakariadze st.","zakariadze","სერგო ზაქარიაძის ქუჩა","exact","1"
"zakharovi st.","zakharovi","გლახო ზახაროვის ქუჩა","unique-contained-name","1"
"Zaldastanishvili st","zaldastanishvili","","ambiguous","2"
"zaldastanishvili st.","zaldastanishvili","","ambiguous","2"
"zandukeli st.","zandukeli","","unmatched","0"
"zarzma st.","zarzma","","unmatched","0"
"zedamze st.","zedamze","","unmatched","0"
"zedaubani","zedaubani","ზედაუბანის ქუჩა","exact","1"
"zedazeni st.","zedazeni","ზედაზენის ქუჩა","exact","1"
"Zedgenidze st.","zedgenidze","","ambiguous","3"
"zeinkali st.","zeinkali","","unmatched","0"
"zekari st.","zekari","ზეკარის ქუჩა","exact","1"
"zemo vake st.","zemo vake","","unmatched","0"
"Zemo Vedzisi blind alley I","zemo vedzisi blind alley i","ზემო ვეძისის ქუჩა","unique-contained-name","1"
"Zemo Vedzisi blind alley II","zemo vedzisi blind alley ii","ზემო ვეძისის ქუჩა","unique-contained-name","1"
"Zemo Vedzisi st.","zemo vedzisi","ზემო ვეძისის ქუჩა","exact","1"
"zestaponi st.","zestaponi","","ambiguous","2"
"ziari","ziari","ზიარის ქუჩა","exact","1"
"Zichi st.","zichi","","unmatched","0"
"zigzagi st.","zigzagi","","ambiguous","3"
"zindisi st.","zindisi","ზინდისის ქუჩა","exact","1"
"Zovreti st.","zovreti","ზოვრეთის ქუჩა","exact","1"
"zubalashvilebi st.","zubalashvilebi","ძმები ზუბალაშვილების ქუჩა","unique-contained-name","1"
"zugdidi st.","zugdidi","ზუგდიდის ქუჩა","exact","1"
"Zukhbaya st.","zukhbaya","","unmatched","0"
"Zura Sakandelidze st.","zura sakandelidze","","unmatched","0"
"Zurab Chachua st.","zurab chachua","ზურაბ ჩაჩუას ქუჩა","exact","1"
"zurab zhvania square","zurab zhvania","","ambiguous","3"
"zurab zvania st.","zurab zvania","","unmatched","0"
"zurabishvili st.","zurabishvili","","ambiguous","2"
"Zurgovana","zurgovana","","unmatched","0"
"zvareti st.","zvareti","ზვარეთის ქუჩა","exact","1"
"zviad gamsakhurdia st.","zviad gamsakhurdia","","ambiguous","2"
